Library,Min (s),Max (s),Mean (s),Speedup
polars_bio,0.386442,0.395333,0.389749,7.54x
bioframe,2.919104,2.952885,2.937252,1.00x
pyranges0,0.531049,0.541895,0.536397,5.48x
pyranges1,0.802353,0.829159,0.817342,3.59x
