Library,Min (s),Max (s),Mean (s),Speedup
polars_bio,0.360097,0.372809,0.364841,10.02x
bioframe,3.595645,3.750625,3.656261,1.00x
pyranges0,0.798130,0.816461,0.806269,4.53x
pyranges1,1.363787,1.382321,1.373386,2.66x
