Library,Min (s),Max (s),Mean (s),Speedup
polars_bio,0.679049,0.691907,0.685754,6.68x
bioframe,4.540652,4.615835,4.581975,1.00x
pyranges0,2.447118,2.582819,2.501762,1.83x
pyranges1,3.439247,3.481495,3.458969,1.32x
