Library,Min (s),Max (s),Mean (s),Speedup
polars_bio,0.482036,0.491069,0.485640,3.26x
bioframe,1.581924,1.590985,1.585565,1.00x
pyranges0,0.206657,0.314421,0.243016,6.52x
pyranges1,0.615414,0.625523,0.619950,2.56x
