Library,Min (s),Max (s),Mean (s),Speedup
polars_bio,1.587531,1.596459,1.593322,28.09x
bioframe,44.607434,44.843608,44.756576,1.00x
pyranges0,5.861150,5.924123,5.892872,7.60x
pyranges1,6.624246,6.633554,6.628975,6.75x
