Library,Min (s),Max (s),Mean (s),Speedup
polars_bio,0.646692,0.673497,0.657369,13.13x
bioframe,8.595209,8.676265,8.630854,1.00x
pyranges0,6.298013,6.349778,6.320078,1.37x
pyranges1,7.486602,7.507985,7.499904,1.15x
