Library,Min (s),Max (s),Mean (s),Speedup
polars_bio,2.298321,2.324836,2.309994,15.82x
bioframe,36.370971,36.848207,36.549834,1.00x
pyranges0,1.362859,1.453903,1.394172,26.22x
pyranges1,2.695812,2.706025,2.701448,13.53x
