Library,Min (s),Max (s),Mean (s),Speedup
polars_bio,2.923113,3.576017,3.189247,4.85x
bioframe,15.357116,15.655676,15.473154,1.00x
pyranges0,8.235030,8.468365,8.334869,1.86x
pyranges1,16.150647,16.340961,16.220031,0.95x
