Library,Min (s),Max (s),Mean (s),Speedup
polars_bio,0.035619,0.043113,0.038300,2.70x
bioframe,0.102257,0.104425,0.103354,1.00x
pyranges0,0.025425,0.032821,0.028001,3.69x
pyranges1,0.059608,0.064147,0.061763,1.67x
pybedtools,0.343204,0.352804,0.348434,0.30x
genomicranges,1.042893,1.044245,1.043488,0.10x
