Library,Min (s),Max (s),Mean (s),Speedup
polars_bio,1.473067,1.483778,1.478065,58.89x
bioframe,84.968827,89.734723,87.045246,1.00x
polars_bio-2,0.806112,0.836351,0.818153,106.39x
polars_bio-4,0.445769,0.467276,0.455904,190.93x
polars_bio-6,0.339147,0.347373,0.343131,253.68x
polars_bio-8,0.267551,0.295781,0.280193,310.66x
