Library,Min (s),Max (s),Mean (s),Speedup
polars_bio,1.187249,1.228212,1.205705,19.12x
bioframe,22.714461,23.403042,23.058475,1.00x
polars_bio-2,0.627102,0.641626,0.634301,36.35x
polars_bio-4,0.357482,0.359474,0.358478,64.32x
polars_bio-6,0.254943,0.268510,0.263529,87.50x
polars_bio-8,0.209944,0.277056,0.236738,97.40x
