Library,Min (s),Max (s),Mean (s),Speedup
polars_bio,2.129893,2.146203,2.140654,32.46x
bioframe,69.352486,69.625843,69.496160,1.00x
polars_bio-2,1.168146,1.175594,1.172736,59.26x
polars_bio-4,0.669897,0.679753,0.674788,102.99x
polars_bio-6,0.497554,0.503413,0.500607,138.82x
polars_bio-8,0.409056,0.423394,0.414200,167.78x
