Library,Min (s),Max (s),Mean (s),Speedup
polars_bio,3.477582,4.151717,3.749961,7.77x
bioframe,28.196874,30.592972,29.153421,1.00x
polars_bio-2,1.841538,2.845593,2.205435,13.22x
polars_bio-4,1.025066,1.056426,1.042189,27.97x
polars_bio-6,0.752325,0.758422,0.756053,38.56x
polars_bio-8,0.614433,0.618630,0.616000,47.33x
