Library,Min (s),Max (s),Mean (s),Speedup
polars_bio,3.791549,3.805023,3.797188,6.56x
bioframe,24.828356,25.017244,24.918466,1.00x
pyranges0,11.633476,11.840100,11.703956,2.13x
pyranges1,15.779252,16.189109,15.923528,1.56x
