Library,Min (s),Max (s),Mean (s),Speedup
polars_bio,2.912607,2.939776,2.930181,6.90x
bioframe,20.135158,20.345657,20.211329,1.00x
pyranges0,15.033715,15.260200,15.132442,1.34x
pyranges1,23.520928,24.981679,24.017177,0.84x
