Library,Min (s),Max (s),Mean (s),Speedup
polars_bio,3.463194,3.886833,3.635087,8.49x
bioframe,30.731198,30.989254,30.863923,1.00x
pyranges0,27.587466,27.940463,27.752823,1.11x
pyranges1,30.622149,30.808650,30.745790,1.00x
