Library,Min (s),Max (s),Mean (s),Speedup
polars_bio,3.684656,4.225422,4.016532,6.22x
bioframe,24.777080,25.094291,24.975411,1.00x
pyranges0,11.488516,13.773673,12.300922,2.03x
pyranges1,17.977567,18.793649,18.332023,1.36x
