Library,Min (s),Max (s),Mean (s),Speedup
polars_bio,0.069385,0.072317,0.071183,5.70x
bioframe,0.404161,0.406746,0.405389,1.00x
polars_bio-2,0.040244,0.042315,0.041301,9.82x
polars_bio-4,0.027705,0.028968,0.028262,14.34x
polars_bio-6,0.023416,0.024493,0.023783,17.05x
polars_bio-8,0.023091,0.024833,0.023746,17.07x
