Library,Min (s),Max (s),Mean (s),Speedup
polars_bio,0.069394,0.069651,0.069503,8.19x
bioframe,0.550812,0.602555,0.568907,1.00x
polars_bio-2,0.040841,0.042041,0.041457,13.72x
polars_bio-4,0.028030,0.029519,0.028877,19.70x
polars_bio-6,0.023071,0.024048,0.023560,24.15x
polars_bio-8,0.022941,0.027842,0.025118,22.65x
