Library,Min (s),Max (s),Mean (s),Speedup
polars_bio,0.151481,0.157613,0.154757,5.27x
bioframe,0.814105,0.816817,0.815721,1.00x
polars_bio-2,0.093876,0.097862,0.096468,8.46x
polars_bio-4,0.051556,0.052782,0.052006,15.69x
polars_bio-6,0.039261,0.040999,0.039926,20.43x
polars_bio-8,0.035864,0.037072,0.036637,22.27x
