Library,Min (s),Max (s),Mean (s),Speedup
polars_bio,0.088005,0.088662,0.088233,2.71x
bioframe,0.236908,0.240685,0.239390,1.00x
polars_bio-2,0.054962,0.056509,0.055586,4.31x
polars_bio-4,0.032472,0.033371,0.032941,7.27x
polars_bio-6,0.028073,0.028699,0.028452,8.41x
polars_bio-8,0.025491,0.026669,0.026123,9.16x
