Library,Min (s),Max (s),Mean (s),Speedup
polars_bio,0.004349,0.072032,0.027109,0.16x
bioframe,0.003966,0.004761,0.004247,1.00x
pyranges0,0.002885,0.003140,0.002973,1.43x
pyranges1,0.004525,0.004943,0.004694,0.90x
pybedtools,0.002502,0.002934,0.002700,1.57x
genomicranges,0.003229,0.003376,0.003278,1.30x
