Library,Min (s),Max (s),Mean (s),Speedup
polars_bio,0.004293,0.011204,0.006708,0.63x
bioframe,0.003914,0.004713,0.004202,1.00x
pyranges1,0.004529,0.005088,0.004739,0.89x
pybedtools,0.002683,0.002995,0.002814,1.49x
genomicranges,0.003151,0.003262,0.003196,1.31x
