Library,Min (s),Max (s),Mean (s),Speedup
polars_bio,0.004251,0.062087,0.023700,0.37x
bioframe,0.007449,0.011114,0.008755,1.00x
pyranges1,0.010586,0.012078,0.011134,0.79x
pybedtools,0.002555,0.002829,0.002686,3.26x
