Library,Min (s),Max (s),Mean (s),Speedup
polars_bio,0.004334,0.068177,0.025870,0.31x
bioframe,0.007595,0.009085,0.008138,1.00x
pyranges1,0.010774,0.011777,0.011338,0.72x
pybedtools,0.002724,0.003140,0.002883,2.82x
