Library,Min (s),Max (s),Mean (s),Speedup
polars_bio,0.039758,0.157059,0.082499,0.06x
bioframe,0.004496,0.005139,0.004808,1.00x
pyranges0,0.003429,0.004452,0.003821,1.26x
pyranges1,0.005232,0.006285,0.005613,0.86x
pybedtools,0.002655,0.002957,0.002758,1.74x
