Library,Min (s),Max (s),Mean (s),Speedup
polars_bio,0.004992,0.014560,0.008429,0.47x
bioframe,0.003258,0.005112,0.003920,1.00x
pyranges0,0.002368,0.003408,0.002777,1.41x
pyranges1,0.005606,0.006547,0.005975,0.66x
pybedtools,0.005909,0.006483,0.006194,0.63x
genomicranges,0.003124,0.003404,0.003233,1.21x
pygenomics,0.000777,0.000879,0.000818,4.79x
