Library,Min (s),Max (s),Mean (s),Speedup
polars_bio,2.508947,2.770591,2.665235,8.21x
bioframe,21.788579,22.024331,21.888257,1.00x
polars_bio-2,1.386719,1.390539,1.389021,15.76x
polars_bio-4,0.720013,0.726232,0.722696,30.29x
polars_bio-6,0.510502,0.555034,0.528168,41.44x
polars_bio-8,0.451626,0.463538,0.459354,47.65x
