Library,Min (s),Max (s),Mean (s),Speedup
polars_bio,2.523402,2.561057,2.537742,10.09x
bioframe,24.904097,26.667373,25.604180,1.00x
polars_bio-2,1.289296,1.345214,1.317907,19.43x
polars_bio-4,0.688466,0.725226,0.703472,36.40x
polars_bio-6,0.502850,0.516315,0.510942,50.11x
polars_bio-8,0.458956,0.486315,0.471801,54.27x
