Library,Min (s),Max (s),Mean (s),Speedup
polars_bio,4.261279,4.273084,4.265599,7.83x
bioframe,33.209037,33.611905,33.418596,1.00x
polars_bio-2,2.340892,2.354112,2.349173,14.23x
polars_bio-4,1.142642,1.203121,1.174053,28.46x
polars_bio-6,0.795128,0.874282,0.823918,40.56x
polars_bio-8,0.653643,0.660989,0.657935,50.79x
