Library,Min (s),Max (s),Mean (s),Speedup
polars_bio,3.249869,3.541604,3.348235,4.20x
bioframe,13.849271,14.340883,14.069413,1.00x
polars_bio-2,1.950772,1.955070,1.952429,7.21x
polars_bio-4,0.959323,0.990890,0.970151,14.50x
polars_bio-6,0.654686,0.682534,0.666070,21.12x
polars_bio-8,0.551843,0.557856,0.555041,25.35x
