Library,Min (s),Max (s),Mean (s),Speedup
polars_bio,0.617238,0.619040,0.618284,251.10x
bioframe,152.560115,159.126999,155.248050,1.00x
pyranges0,25.961310,26.082456,26.040234,5.96x
pyranges1,25.799545,26.033198,25.918084,5.99x
