Library,Min (s),Max (s),Mean (s),Speedup
polars_bio,0.130734,0.132831,0.132030,8.94x
bioframe,1.145848,1.228190,1.179978,1.00x
pyranges0,26.170386,26.571433,26.435880,0.04x
pyranges1,26.009510,26.121703,26.080100,0.05x
