Library,Min (s),Max (s),Mean (s),Speedup
polars_bio,0.920362,0.942113,0.930760,115.10x
bioframe,106.301312,108.214897,107.133575,1.00x
pyranges0,0.652080,0.695173,0.678523,157.89x
pyranges1,0.873081,0.887810,0.878507,121.95x
