Library,Min (s),Max (s),Mean (s),Speedup
polars_bio,8.081568,12.137477,10.184250,12.68x
bioframe,120.309157,146.796864,129.143834,1.00x
pyranges0,74.723421,76.591913,75.485290,1.71x
pyranges1,145.429260,146.601740,145.914339,0.89x
