Library,Min (s),Max (s),Mean (s),Speedup
polars_bio,1.551518,1.581522,1.564371,10.90x
bioframe,16.956911,17.130131,17.046834,1.00x
polars_bio-2,1.712946,1.723480,1.719950,9.91x
polars_bio-4,1.603632,1.635275,1.624264,10.50x
polars_bio-6,1.641054,1.654679,1.649257,10.34x
polars_bio-8,1.638060,1.659189,1.650224,10.33x
