Library,Min (s),Max (s),Mean (s),Speedup
polars_bio,1.188543,1.204509,1.197354,6.57x
bioframe,7.803878,7.998001,7.871248,1.00x
polars_bio-2,1.116454,1.133563,1.123739,7.00x
polars_bio-4,1.050503,1.059598,1.054131,7.47x
polars_bio-6,1.084998,1.108027,1.098538,7.17x
polars_bio-8,1.091286,1.104706,1.099263,7.16x
