Library,Min (s),Max (s),Mean (s),Speedup
polars_bio,1.523954,1.646192,1.564822,9.70x
bioframe,15.090960,15.267402,15.170974,1.00x
polars_bio-2,1.647553,1.760352,1.694610,8.95x
polars_bio-4,1.629628,1.706522,1.661460,9.13x
polars_bio-6,1.747157,1.861949,1.801254,8.42x
polars_bio-8,1.802897,1.872144,1.847312,8.21x
