Library,Min (s),Max (s),Mean (s),Speedup
polars_bio,1.673596,1.881285,1.745656,8.19x
bioframe,14.119940,14.595028,14.295713,1.00x
polars_bio-2,1.770148,1.958954,1.855798,7.70x
polars_bio-4,1.736498,1.768560,1.755489,8.14x
polars_bio-6,1.764679,1.783263,1.771773,8.07x
polars_bio-8,1.738404,1.752831,1.743881,8.20x
