Library,Min (s),Max (s),Mean (s),Speedup
polars_bio,0.145728,0.148184,0.147356,7.40x
bioframe,1.078420,1.104835,1.090744,1.00x
polars_bio-2,0.085633,0.086419,0.085961,12.69x
polars_bio-4,0.050633,0.057189,0.052868,20.63x
polars_bio-6,0.043501,0.055600,0.048529,22.48x
polars_bio-8,0.041918,0.047188,0.044204,24.68x
