Library,Min (s),Max (s),Mean (s),Speedup
polars_bio,0.135673,0.137978,0.136952,9.10x
bioframe,1.238483,1.255415,1.246726,1.00x
polars_bio-2,0.076295,0.083539,0.080303,15.53x
polars_bio-4,0.050724,0.057640,0.055090,22.63x
polars_bio-6,0.041564,0.043917,0.042476,29.35x
polars_bio-8,0.041505,0.044190,0.042913,29.05x
