Library,Min (s),Max (s),Mean (s),Speedup
polars_bio,0.241748,0.247401,0.243939,6.81x
bioframe,1.659871,1.664760,1.661827,1.00x
polars_bio-2,0.139447,0.142675,0.141376,11.75x
polars_bio-4,0.079798,0.084692,0.082714,20.09x
polars_bio-6,0.066481,0.068889,0.067436,24.64x
polars_bio-8,0.057510,0.060285,0.059257,28.04x
