Library,Min (s),Max (s),Mean (s),Speedup
polars_bio,0.188351,0.191025,0.189364,3.82x
bioframe,0.718877,0.730210,0.724269,1.00x
polars_bio-2,0.108194,0.110897,0.109711,6.60x
polars_bio-4,0.069013,0.069812,0.069438,10.43x
polars_bio-6,0.056676,0.058217,0.057291,12.64x
polars_bio-8,0.050052,0.052402,0.050940,14.22x
