Library,Min (s),Max (s),Mean (s),Speedup
polars_bio,0.042378,0.130957,0.071929,3.10x
polars_bio_streaming,0.035498,0.037438,0.036653,6.09x
bioframe,0.208548,0.251457,0.223219,1.00x
pyranges0,0.409707,0.415361,0.412135,0.54x
pyranges1,0.475180,0.491508,0.482739,0.46x
