Library,Min (s),Max (s),Mean (s),Speedup
polars_bio,22.781745,23.916568,23.161559,16.64x
polars_bio_streaming,18.501279,18.797602,18.676707,20.63x
bioframe,383.108514,387.500069,385.309331,1.00x
pyranges0,276.421312,279.839508,277.845198,1.39x
pyranges1,355.703878,367.680249,360.875151,1.07x
