Library,Min (s),Max (s),Mean (s),Speedup
polars_bio,1.057030,1.097411,1.073402,49.89x
bioframe,53.010490,54.196161,53.552239,1.00x
polars_bio-2,0.736299,0.750796,0.744409,71.94x
polars_bio-4,0.567938,0.588951,0.576946,92.82x
polars_bio-6,0.537469,0.539311,0.538223,99.50x
polars_bio-8,0.509776,0.518068,0.513083,104.37x
