Library,Min (s),Max (s),Mean (s),Speedup
polars_bio,0.598472,0.613810,0.606002,9.25x
bioframe,5.525200,5.665343,5.606223,1.00x
polars_bio-2,0.446513,0.463335,0.455971,12.30x
polars_bio-4,0.392380,0.402907,0.397551,14.10x
polars_bio-6,0.368062,0.390541,0.377347,14.86x
polars_bio-8,0.365470,0.368901,0.366716,15.29x
