Library,Min (s),Max (s),Mean (s),Speedup
polars_bio,1.819198,1.833265,1.826068,20.33x
bioframe,36.839775,37.436895,37.128265,1.00x
polars_bio-2,1.213043,1.218772,1.216149,30.53x
polars_bio-4,0.987625,0.989842,0.988501,37.56x
polars_bio-6,1.088901,1.104621,1.094522,33.92x
polars_bio-8,1.120064,1.165869,1.140151,32.56x
