Library,Min (s),Max (s),Mean (s),Speedup
polars_bio,2.588192,3.114324,2.773540,8.29x
bioframe,21.709879,24.577101,22.995436,1.00x
polars_bio-2,1.679848,1.862085,1.757658,13.08x
polars_bio-4,1.245988,1.350564,1.284776,17.90x
polars_bio-6,1.106185,1.274113,1.201522,19.14x
polars_bio-8,1.057149,1.078526,1.069103,21.51x
