Library,Min (s),Max (s),Mean (s),Speedup
polars_bio,0.035631,0.043555,0.040660,2.74x
bioframe,0.108015,0.116522,0.111266,1.00x
pyranges0,0.077336,0.080282,0.078440,1.42x
pyranges1,0.100883,0.106671,0.103181,1.08x
pybedtools,0.745958,0.759006,0.754393,0.15x
genomicranges,1.154942,1.164158,1.158506,0.10x
