Library,Min (s),Max (s),Mean (s),Speedup
polars_bio,0.036476,0.040001,0.037897,5.10x
bioframe,0.189201,0.200460,0.193401,1.00x
pyranges0,0.141659,0.144240,0.143188,1.35x
pyranges1,0.206033,0.224902,0.213089,0.91x
pybedtools,0.773732,0.780424,0.776934,0.25x
genomicranges,1.186341,1.194172,1.189255,0.16x
