Library,Min (s),Max (s),Mean (s),Speedup
polars_bio,0.057012,0.073822,0.064665,2.49x
bioframe,0.158764,0.165707,0.161273,1.00x
pyranges0,0.172297,0.176259,0.173630,0.93x
pyranges1,0.217619,0.234088,0.223350,0.72x
pybedtools,0.845945,0.848980,0.847447,0.19x
