Library,Min (s),Max (s),Mean (s),Speedup
polars_bio,0.045943,0.064732,0.054234,1.66x
bioframe,0.084137,0.099481,0.090107,1.00x
pyranges0,0.056206,0.065654,0.061844,1.46x
pyranges1,0.099080,0.119018,0.106228,0.85x
pybedtools,0.382460,0.406379,0.391530,0.23x
genomicranges,1.199390,1.224621,1.208255,0.07x
