Library,Min (s),Max (s),Mean (s),Speedup
polars_bio,0.034675,0.047883,0.039593,7.85x
bioframe,0.309819,0.311936,0.310958,1.00x
pyranges0,0.099920,0.101871,0.100695,3.09x
pyranges1,0.113469,0.114316,0.113866,2.73x
pybedtools,15.265868,16.802575,16.206183,0.02x
genomicranges,3.369224,3.374411,3.371411,0.09x
