Library,Min (s),Max (s),Mean (s),Speedup
polars_bio,0.035828,0.052451,0.042507,7.35x
bioframe,0.311608,0.314241,0.312623,1.00x
pyranges1,0.114857,0.115105,0.114964,2.72x
pybedtools,14.976951,15.109318,15.021533,0.02x
genomicranges,3.277149,3.290893,3.285769,0.10x
