Library,Min (s),Max (s),Mean (s),Speedup
polars_bio,0.025430,0.026808,0.026079,4.08x
bioframe,0.104575,0.109600,0.106393,1.00x
pyranges1,0.147505,0.151673,0.149512,0.71x
pybedtools,16.382024,17.619212,16.802475,0.01x
