Library,Min (s),Max (s),Mean (s),Speedup
polars_bio,0.024575,0.026818,0.025727,4.15x
bioframe,0.105172,0.109356,0.106728,1.00x
pyranges1,0.145554,0.146459,0.146108,0.73x
pybedtools,15.317603,15.458525,15.408308,0.01x
