Library,Min (s),Max (s),Mean (s),Speedup
polars_bio,0.054573,0.060741,0.057958,6.31x
bioframe,0.363422,0.368554,0.365524,1.00x
pyranges0,0.062446,0.064480,0.063210,5.78x
pyranges1,0.084614,0.086633,0.085545,4.27x
pybedtools,0.570352,0.575550,0.572301,0.64x
