Library,Min (s),Max (s),Mean (s),Speedup
polars_bio,0.059271,0.087880,0.070483,3.02x
bioframe,0.209074,0.218512,0.212520,1.00x
pyranges0,0.144653,0.164863,0.151749,1.40x
pyranges1,0.228314,0.247017,0.234636,0.91x
pybedtools,19.263571,19.313483,19.286741,0.01x
genomicranges,3.290473,3.294306,3.291987,0.06x
pygenomics,1.881858,1.924059,1.896222,0.11x
