Library,Min (s),Max (s),Mean (s),Speedup,Peak memory (MB)
polars_bio,0.012022,0.433918,0.153077,0.55x,262.656
polars_bio_streaming,0.007427,0.153294,0.056144,1.49x,259.039
bioframe,0.039406,0.172494,0.083860,1.00x,229.824
pyranges0,0.059086,0.075573,0.064660,1.30x,231.199
pyranges1,0.069077,0.088036,0.075488,1.11x,230.684
