Library,Min (s),Max (s),Mean (s),Speedup,Peak memory (MB)
polars_bio,0.072393,0.151871,0.099160,2.80x,314.234
polars_bio_streaming,0.064092,0.067914,0.066202,4.19x,288.621
bioframe,0.258278,0.312880,0.277225,1.00x,287.101
pyranges0,0.591745,0.599954,0.595204,0.47x,307.218
pyranges1,0.683388,0.702289,0.690362,0.40x,327.863
