Library,Min (s),Max (s),Mean (s),Speedup,Peak memory (MB)
polars_bio,35.783773,37.155414,36.274578,4.73x,6926.227
polars_bio_streaming,28.364026,33.834447,32.005189,5.37x,1172.484
bioframe,170.321558,173.826371,171.750864,1.00x,17544.500
pyranges0,374.384106,377.106338,375.972726,0.46x,12951.133
pyranges1,174.205234,176.465726,174.996859,0.98x,23198.973
