Library,Min (s),Max (s),Mean (s),Speedup
polars_bio,0.072393,0.151871,0.099160,2.80x
polars_bio_streaming,0.064092,0.067914,0.066202,4.19x
bioframe,0.258278,0.312880,0.277225,1.00x
pyranges0,0.591745,0.599954,0.595204,0.47x
pyranges1,0.683388,0.702289,0.690362,0.40x
