Library,Min (s),Max (s),Mean (s),Speedup,Peak memory (MB)
polars_bio,44.539766,45.543038,45.196903,12.55x,14575.140
polars_bio_streaming,34.007093,35.972075,35.309756,16.06x,480.207
bioframe,566.167037,567.617695,567.130690,1.00x,43295.378
pyranges0,417.291061,421.875539,419.571591,1.35x,22915.917
pyranges1,538.365637,548.624613,543.918168,1.04x,43408.699
