Library,Min (s),Max (s),Mean (s),Speedup
polars_bio,0.362639,0.368638,0.365577,7.13x
bioframe,2.587518,2.620678,2.605085,1.00x
pyranges0,1.055567,1.068043,1.060375,2.46x
pyranges1,1.323645,1.333827,1.327529,1.96x
