Library,Min (s),Max (s),Mean (s),Speedup
polars_bio,0.237992,0.241320,0.239632,7.00x
bioframe,1.648267,1.718380,1.677132,1.00x
pyranges0,1.277529,1.293895,1.283725,1.31x
pyranges1,1.805761,1.853722,1.828870,0.92x
