Library,Min (s),Max (s),Mean (s),Speedup
polars_bio,0.396927,0.413495,0.404199,8.10x
bioframe,3.259744,3.299894,3.273608,1.00x
pyranges0,1.850810,1.870316,1.863351,1.76x
pyranges1,2.148681,2.157486,2.152231,1.52x
