Library,Min (s),Max (s),Mean (s),Speedup
polars_bio,0.408741,0.418391,0.412308,5.58x
bioframe,2.271123,2.323076,2.299807,1.00x
pyranges0,1.033325,1.153426,1.073484,2.14x
pyranges1,1.599284,1.616953,1.607381,1.43x
