Library,Min (s),Max (s),Mean (s),Speedup
polars_bio,0.104578,0.115114,0.110123,6.95x
bioframe,0.759219,0.770826,0.765741,1.00x
polars_bio-2,0.061870,0.066313,0.064004,11.96x
polars_bio-4,0.036748,0.041142,0.039412,19.43x
polars_bio-6,0.030883,0.036118,0.033794,22.66x
polars_bio-8,0.031254,0.034007,0.032791,23.35x
