Library,Min (s),Max (s),Mean (s),Speedup
polars_bio,0.105726,0.112489,0.108154,9.96x
bioframe,1.000777,1.153442,1.077672,1.00x
polars_bio-2,0.064779,0.070743,0.066807,16.13x
polars_bio-4,0.040491,0.042444,0.041667,25.86x
polars_bio-6,0.032819,0.037080,0.035255,30.57x
polars_bio-8,0.033482,0.035770,0.034680,31.08x
