Library,Min (s),Max (s),Mean (s),Speedup
polars_bio,0.201727,0.210099,0.204539,6.21x
bioframe,1.264697,1.278216,1.270573,1.00x
polars_bio-2,0.116130,0.117763,0.117212,10.84x
polars_bio-4,0.068019,0.068566,0.068341,18.59x
polars_bio-6,0.054982,0.058333,0.056230,22.60x
polars_bio-8,0.045620,0.049059,0.047633,26.67x
