Library,Min (s),Max (s),Mean (s),Speedup
polars_bio,0.136005,0.138313,0.136919,3.33x
bioframe,0.453242,0.458545,0.455823,1.00x
polars_bio-2,0.079074,0.080600,0.079687,5.72x
polars_bio-4,0.050296,0.051433,0.050918,8.95x
polars_bio-6,0.041270,0.042708,0.041843,10.89x
polars_bio-8,0.035922,0.037984,0.037098,12.29x
