Library,Min (s),Max (s),Mean (s),Speedup
polars_bio,1.914772,1.928519,1.919413,28.04x
bioframe,53.578603,53.963963,53.826481,1.00x
pyranges0,7.948879,8.033165,8.000753,6.73x
pyranges1,8.841907,8.925113,8.875897,6.06x
