Library,Min (s),Max (s),Mean (s),Speedup
polars_bio,0.799314,0.801067,0.799932,11.88x
bioframe,9.461114,9.570565,9.503126,1.00x
pyranges0,8.517067,8.598484,8.549275,1.11x
pyranges1,10.064854,10.139834,10.092005,0.94x
