Library,Min (s),Max (s),Mean (s),Speedup
polars_bio,2.793283,2.829537,2.805938,15.71x
bioframe,43.725678,44.545272,44.073657,1.00x
pyranges0,2.641211,2.732480,2.685716,16.41x
pyranges1,4.056391,4.083244,4.069429,10.83x
