Library,Min (s),Max (s),Mean (s),Speedup
polars_bio,3.703692,4.770558,4.089183,5.44x
bioframe,21.438390,23.207294,22.263467,1.00x
pyranges0,12.258122,12.648123,12.390599,1.80x
pyranges1,23.667426,23.725886,23.699015,0.94x
