Library,Min (s),Max (s),Mean (s),Speedup
polars_bio,6.445734,6.731266,6.577167,8.84x
bioframe,57.894983,58.541223,58.172627,1.00x
polars_bio-2,3.465730,3.634245,3.533611,16.46x
polars_bio-4,1.768170,1.795599,1.781748,32.65x
polars_bio-6,1.194034,1.219995,1.208447,48.14x
polars_bio-8,1.050328,1.111358,1.086336,53.55x
