Library,Min (s),Max (s),Mean (s),Speedup
polars_bio,6.307735,6.426672,6.371148,10.86x
bioframe,67.587055,70.765813,69.182177,1.00x
polars_bio-2,3.188480,3.361856,3.254616,21.26x
polars_bio-4,1.661900,1.727778,1.701337,40.66x
polars_bio-6,1.133609,1.162162,1.144301,60.46x
polars_bio-8,1.078751,1.106531,1.092727,63.31x
