Library,Min (s),Max (s),Mean (s),Speedup
polars_bio,10.721019,10.828634,10.761065,7.94x
bioframe,85.163038,85.921464,85.470977,1.00x
polars_bio-2,5.677495,5.757954,5.711291,14.97x
polars_bio-4,3.209740,3.229096,3.219928,26.54x
polars_bio-6,2.290756,2.298333,2.293653,37.26x
polars_bio-8,1.808868,1.817964,1.812634,47.15x
