Library,Min (s),Max (s),Mean (s),Speedup
polars_bio,8.008995,8.087316,8.042610,4.30x
bioframe,34.249948,34.969969,34.545449,1.00x
polars_bio-2,4.339334,4.766639,4.587248,7.53x
polars_bio-4,2.382239,2.528281,2.433283,14.20x
polars_bio-6,1.668876,1.690311,1.680267,20.56x
polars_bio-8,1.358726,1.446065,1.391909,24.82x
