Library,Min (s),Max (s),Mean (s),Speedup
polars_bio,0.001854,0.004714,0.002898,1.00x
bioframe,0.002523,0.003547,0.002898,1.00x
pyranges1,0.002302,0.002838,0.002498,1.16x
pybedtools,0.032681,0.047822,0.037981,0.08x
genomicranges,0.020029,0.020290,0.020192,0.14x
