Library,Min (s),Max (s),Mean (s),Speedup
polars_bio,0.002202,0.003516,0.002696,1.77x
bioframe,0.004238,0.005691,0.004758,1.00x
pyranges1,0.004909,0.005934,0.005284,0.90x
pybedtools,0.030735,0.045004,0.036460,0.13x
