Library,Min (s),Max (s),Mean (s),Speedup
polars_bio,0.003048,0.008300,0.005530,0.65x
bioframe,0.003269,0.004119,0.003604,1.00x
pyranges0,0.002514,0.003506,0.003099,1.16x
pyranges1,0.003722,0.004180,0.003935,0.92x
pybedtools,0.008810,0.011281,0.009729,0.37x
