Library,Min (s),Max (s),Mean (s),Speedup
polars_bio,0.002620,0.004367,0.003278,0.71x
bioframe,0.001909,0.002988,0.002313,1.00x
pyranges0,0.001361,0.001820,0.001543,1.50x
pyranges1,0.002678,0.003166,0.002927,0.79x
pybedtools,0.037238,0.039737,0.038453,0.06x
genomicranges,0.019265,0.019945,0.019570,0.12x
pygenomics,0.006876,0.006994,0.006949,0.33x
