Library,Min (s),Max (s),Mean (s),Speedup
polars_bio,0.397136,0.426934,0.412307,8.78x
bioframe,3.600513,3.647421,3.620913,1.00x
polars_bio-2,0.222455,0.225924,0.224115,16.16x
polars_bio-4,0.119323,0.162652,0.144334,25.09x
polars_bio-6,0.105679,0.115709,0.111170,32.57x
polars_bio-8,0.094520,0.102797,0.098878,36.62x
