Library,Min (s),Max (s),Mean (s),Speedup
polars_bio,0.403200,0.409868,0.407426,9.82x
bioframe,3.908972,4.152053,3.999698,1.00x
polars_bio-2,0.208523,0.211111,0.210053,19.04x
polars_bio-4,0.138540,0.142536,0.139941,28.58x
polars_bio-6,0.104817,0.125352,0.113472,35.25x
polars_bio-8,0.094559,0.095997,0.095299,41.97x
