Library,Min (s),Max (s),Mean (s),Speedup
polars_bio,0.688883,0.697067,0.692560,7.92x
bioframe,5.395930,5.566966,5.487909,1.00x
polars_bio-2,0.373446,0.378500,0.376109,14.59x
polars_bio-4,0.223206,0.228062,0.226243,24.26x
polars_bio-6,0.172517,0.175506,0.174376,31.47x
polars_bio-8,0.144603,0.148167,0.146090,37.57x
