Library,Min (s),Max (s),Mean (s),Speedup
polars_bio,0.580495,0.593513,0.585400,4.19x
bioframe,2.436686,2.478798,2.455125,1.00x
polars_bio-2,0.314396,0.321663,0.318185,7.72x
polars_bio-4,0.192935,0.199020,0.196958,12.47x
polars_bio-6,0.152645,0.155413,0.153934,15.95x
polars_bio-8,0.129501,0.133223,0.131565,18.66x
