Library,Min (s),Max (s),Mean (s),Speedup
polars_bio,0.113801,0.115999,0.114843,7.08x
bioframe,0.812742,0.814171,0.813519,1.00x
polars_bio-2,0.094545,0.096978,0.095765,8.49x
polars_bio-4,0.084998,0.086724,0.085792,9.48x
polars_bio-6,0.083817,0.089154,0.086199,9.44x
polars_bio-8,0.083012,0.084612,0.083966,9.69x
