Library,Min (s),Max (s),Mean (s),Speedup
polars_bio,0.075374,0.077090,0.076216,6.36x
bioframe,0.482806,0.486494,0.484980,1.00x
polars_bio-2,0.062966,0.063240,0.063068,7.69x
polars_bio-4,0.061390,0.062213,0.061738,7.86x
polars_bio-6,0.060774,0.061534,0.061083,7.94x
polars_bio-8,0.061114,0.061714,0.061482,7.89x
