Library,Min (s),Max (s),Mean (s),Speedup
polars_bio,0.130526,0.135107,0.132449,7.17x
bioframe,0.946579,0.956967,0.950283,1.00x
polars_bio-2,0.109895,0.114640,0.111783,8.50x
polars_bio-4,0.089927,0.092211,0.091240,10.42x
polars_bio-6,0.086714,0.091645,0.088904,10.69x
polars_bio-8,0.082253,0.089387,0.085918,11.06x
