Library,Min (s),Max (s),Mean (s),Speedup
polars_bio,0.138264,0.146706,0.142764,5.01x
bioframe,0.712395,0.717829,0.715825,1.00x
polars_bio-2,0.118833,0.119484,0.119249,6.00x
polars_bio-4,0.088891,0.093551,0.091694,7.81x
polars_bio-6,0.086751,0.091778,0.088559,8.08x
polars_bio-8,0.084395,0.087551,0.085701,8.35x
