Library,Min (s),Max (s),Mean (s),Speedup
polars_bio,1.040516,1.047734,1.043240,50.79x
bioframe,52.743948,53.194348,52.981064,1.00x
pyranges0,6.935818,7.045903,6.983107,7.59x
pyranges1,7.364518,7.451714,7.399304,7.16x
