Library,Min (s),Max (s),Mean (s),Speedup
polars_bio,0.593232,0.603167,0.598824,9.53x
bioframe,5.616444,5.762011,5.707860,1.00x
pyranges0,7.728351,7.969978,7.885749,0.72x
pyranges1,8.704718,8.817648,8.752228,0.65x
