Library,Min (s),Max (s),Mean (s),Speedup
polars_bio,1.782625,1.824964,1.800638,20.49x
bioframe,36.552222,37.448433,36.892526,1.00x
pyranges0,3.850678,3.892007,3.870412,9.53x
pyranges1,4.916280,5.203312,5.023854,7.34x
