Library,Min (s),Max (s),Mean (s),Speedup
polars_bio,2.564904,2.831996,2.677653,8.55x
bioframe,22.246166,23.930289,22.881234,1.00x
pyranges0,12.564652,12.946732,12.756828,1.79x
pyranges1,22.928933,23.184763,23.081595,0.99x
