Library,Min (s),Max (s),Mean (s),Speedup
polars_bio,0.154149,0.163985,0.159832,7.52x
bioframe,1.188614,1.228266,1.202618,1.00x
pyranges0,0.415695,0.434500,0.424526,2.83x
pyranges1,0.524324,0.544140,0.532293,2.26x
