Library,Min (s),Max (s),Mean (s),Speedup
polars_bio,0.100889,0.108216,0.103820,8.03x
bioframe,0.790077,0.903074,0.833493,1.00x
pyranges0,0.535388,0.560006,0.544381,1.53x
pyranges1,0.739374,0.769016,0.749269,1.11x
