Library,Min (s),Max (s),Mean (s),Speedup
polars_bio,0.220153,0.262372,0.236706,7.63x
bioframe,1.741266,1.909801,1.805391,1.00x
pyranges0,0.568548,0.647330,0.607074,2.97x
pyranges1,0.758521,0.783880,0.771850,2.34x
