Library,Min (s),Max (s),Mean (s),Speedup
polars_bio,0.200215,0.222133,0.209348,4.40x
bioframe,0.912386,0.935237,0.921090,1.00x
pyranges0,0.396694,0.434848,0.413098,2.23x
pyranges1,0.690719,0.710924,0.700157,1.32x
