Library,Min (s),Max (s),Mean (s),Speedup
polars_bio,1.573722,1.722232,1.635649,6.23x
bioframe,10.015844,10.418716,10.189999,1.00x
polars_bio-2,1.680662,1.741355,1.706447,5.97x
polars_bio-4,1.612658,1.640184,1.628587,6.26x
polars_bio-6,1.613213,1.661796,1.631826,6.24x
polars_bio-8,1.625605,1.647677,1.635497,6.23x
