Library,Min (s),Max (s),Mean (s),Speedup
polars_bio,1.196808,1.354338,1.269523,6.33x
bioframe,7.913527,8.261926,8.039883,1.00x
polars_bio-2,1.103022,1.124044,1.112710,7.23x
polars_bio-4,1.037353,1.064931,1.050524,7.65x
polars_bio-6,1.069366,1.102121,1.083487,7.42x
polars_bio-8,1.067853,1.121973,1.095442,7.34x
