Library,Min (s),Max (s),Mean (s),Speedup
polars_bio,1.434767,1.647702,1.527764,8.42x
bioframe,12.777395,12.975521,12.864841,1.00x
polars_bio-2,1.581308,1.692557,1.641943,7.84x
polars_bio-4,1.543610,1.660136,1.607167,8.00x
polars_bio-6,1.731848,1.861968,1.806402,7.12x
polars_bio-8,1.713464,1.787994,1.760177,7.31x
