Library,Min (s),Max (s),Mean (s),Speedup
polars_bio,1.378962,1.439404,1.401433,7.13x
bioframe,9.895333,10.122768,9.994035,1.00x
polars_bio-2,1.548430,1.651937,1.605301,6.23x
polars_bio-4,1.527619,1.584455,1.564629,6.39x
polars_bio-6,1.517518,1.598360,1.551764,6.44x
polars_bio-8,1.554199,1.623697,1.585728,6.30x
