Library,Min (s),Max (s),Mean (s),Speedup
polars_bio,2.508458,2.546407,2.523290,7.54x
bioframe,18.949951,19.097594,19.019783,1.00x
polars_bio-2,1.269973,1.284241,1.278065,14.88x
polars_bio-4,0.675014,0.694461,0.684596,27.78x
polars_bio-6,0.452175,0.475222,0.464795,40.92x
polars_bio-8,0.441594,0.460527,0.451847,42.09x
