Library,Min (s),Max (s),Mean (s),Speedup
polars_bio,2.386356,2.411999,2.403445,10.35x
bioframe,24.036688,26.536242,24.877255,1.00x
polars_bio-2,1.213611,1.280312,1.245524,19.97x
polars_bio-4,0.650568,0.697364,0.668078,37.24x
polars_bio-6,0.452259,0.488664,0.465846,53.40x
polars_bio-8,0.463244,0.482943,0.470904,52.83x
