Library,Min (s),Max (s),Mean (s),Speedup
polars_bio,4.138190,4.208581,4.162047,7.33x
bioframe,30.409886,30.616955,30.497232,1.00x
polars_bio-2,2.330769,2.358897,2.344279,13.01x
polars_bio-4,1.131374,1.174189,1.146168,26.61x
polars_bio-6,0.772545,0.786117,0.779656,39.12x
polars_bio-8,0.636013,0.665149,0.654903,46.57x
