Library,Min (s),Max (s),Mean (s),Speedup
polars_bio,2.989815,2.999187,2.993236,3.29x
bioframe,9.760440,9.956150,9.834072,1.00x
polars_bio-2,1.526056,1.649831,1.606849,6.12x
polars_bio-4,0.755482,0.773448,0.766107,12.84x
polars_bio-6,0.553238,0.556183,0.554778,17.73x
polars_bio-8,0.410933,0.454110,0.434797,22.62x
