Library,Min (s),Max (s),Mean (s),Speedup
polars_bio,0.027414,0.029284,0.028124,4.80x
bioframe,0.134243,0.135810,0.134976,1.00x
polars_bio-2,0.022094,0.022807,0.022536,5.99x
polars_bio-4,0.019373,0.020256,0.019868,6.79x
polars_bio-6,0.019037,0.019537,0.019224,7.02x
polars_bio-8,0.019084,0.019283,0.019216,7.02x
