Library,Min (s),Max (s),Mean (s),Speedup
polars_bio,0.025052,0.026098,0.025489,6.97x
bioframe,0.176705,0.179413,0.177698,1.00x
polars_bio-2,0.020701,0.020953,0.020785,8.55x
polars_bio-4,0.017749,0.018403,0.018116,9.81x
polars_bio-6,0.017462,0.017632,0.017527,10.14x
polars_bio-8,0.017298,0.018264,0.017662,10.06x
