Library,Min (s),Max (s),Mean (s),Speedup
polars_bio,0.042952,0.047233,0.044626,4.29x
bioframe,0.190134,0.192941,0.191395,1.00x
polars_bio-2,0.040174,0.041270,0.040716,4.70x
polars_bio-4,0.023055,0.025406,0.024109,7.94x
polars_bio-6,0.021526,0.023018,0.022293,8.59x
polars_bio-8,0.021142,0.021659,0.021462,8.92x
