Library,Min (s),Max (s),Mean (s),Speedup
polars_bio,0.030050,0.033014,0.031281,3.40x
bioframe,0.105018,0.108833,0.106441,1.00x
polars_bio-2,0.029953,0.031386,0.030780,3.46x
polars_bio-4,0.020030,0.020727,0.020409,5.22x
polars_bio-6,0.019953,0.020229,0.020057,5.31x
polars_bio-8,0.019561,0.020273,0.019801,5.38x
