Library,Min (s),Max (s),Mean (s),Speedup
polars_bio,0.736799,0.832063,0.770759,1.00x
bioframe,21.938314,22.767620,22.254110,0.03x
pyranges1,3.132103,3.139368,3.134913,0.25x
genomicranges,36.791966,36.854441,36.816021,0.02x
