Library,Min (s),Max (s),Mean (s),Speedup
polars_bio,0.288371,0.293229,0.290854,1.00x
bioframe,5.079455,5.137270,5.117035,0.06x
pyranges1,0.542777,0.546701,0.544945,0.53x
genomicranges,11.762000,12.295385,12.105526,0.02x
