Library,Min (s),Max (s),Mean (s),Speedup
polars_bio,1.529389,1.572387,1.554115,1.00x
pyranges1,6.493528,6.557687,6.522070,0.24x
genomicranges,8.292888,8.344869,8.312885,0.19x
bioframe,89.612161,92.417743,91.066487,0.02x
