Library,Min (s),Max (s),Mean (s),Speedup
polars_bio,0.137977,0.146281,0.141597,1.00x
genomicranges,3.370454,3.413056,3.389711,0.04x
bioframe,1.423067,1.482548,1.457209,0.10x
