Library,Min (s),Max (s),Mean (s),Speedup
polars_bio,0.761094,0.881909,0.809541,1.00x
bioframe,8.014142,8.200274,8.083652,0.10x
pyranges1,3.566200,3.577657,3.573658,0.23x
genomicranges,39.380598,39.496033,39.445994,0.02x
