Library,Min (s),Max (s),Mean (s),Speedup
polars_bio,0.298890,0.309353,0.303081,1.00x
bioframe,2.404101,2.493700,2.457382,0.12x
pyranges1,0.588877,0.598713,0.594331,0.51x
genomicranges,12.894173,13.664537,13.197781,0.02x
