Library,Min (s),Max (s),Mean (s),Speedup
polars_bio,2.627357,2.709195,2.663066,1.00x
pyranges1,42.257371,47.116624,44.304117,0.06x
genomicranges,1.610249,1.659889,1.629660,1.63x
bioframe,73.147450,73.619109,73.456578,0.04x
