Library,Min (s),Max (s),Mean (s),Speedup
polars_bio,4.361992,4.453583,4.403671,1.00x
pyranges1,22.002710,27.179457,24.524774,0.18x
genomicranges,5.569787,6.771170,6.009197,0.73x
bioframe,30.582480,40.018276,34.033871,0.13x
