Library,Min (s),Max (s),Mean (s),Speedup
polars_bio,0.116777,0.124259,0.121036,1.00x
bioframe,2.114580,2.186240,2.142240,0.06x
pyranges1,0.364630,0.370571,0.368206,0.33x
genomicranges,671.490013,679.209374,675.433468,0.00x
