Library,Min (s),Max (s),Mean (s),Speedup
polars_bio,0.539986,0.550802,0.544779,1.00x
bioframe,1.620771,1.634901,1.629450,0.33x
pyranges1,0.220759,0.227925,0.224777,2.42x
genomicranges,1204.252273,1215.624717,1211.213090,0.00x
