Library,Min (s),Max (s),Mean (s),Speedup
polars_bio,0.020220,0.022110,0.021300,1.00x
bioframe,0.432496,0.436250,0.434262,0.05x
pyranges1,0.051087,0.053831,0.052788,0.40x
genomicranges,71.632908,72.186910,71.891232,0.00x
