Library,Min (s),Max (s),Mean (s),Speedup
polars_bio,0.016597,0.018587,0.017679,1.00x
bioframe,0.385833,0.397739,0.393629,0.04x
pyranges1,0.045605,0.046230,0.045999,0.38x
genomicranges,41.946304,42.058249,42.019365,0.00x
