Library,Min (s),Max (s),Mean (s),Speedup
polars_bio,0.541180,0.552357,0.544947,1.00x
bioframe,1.551784,1.631252,1.591499,0.34x
pyranges1,0.234128,0.240824,0.236386,2.31x
genomicranges,1204.213268,1208.295047,1206.064836,0.00x
