Library,Min (s),Max (s),Mean (s),Speedup
polars_bio,0.456366,0.466798,0.462487,23.70x
bioframe,10.949506,10.977053,10.961975,1.00x
pyranges0,1.887999,1.930179,1.909422,5.74x
pyranges1,2.159888,2.186773,2.177421,5.03x
