Library,Min (s),Max (s),Mean (s),Speedup
polars_bio,0.330337,0.332817,0.331621,7.00x
bioframe,2.300413,2.356876,2.320312,1.00x
pyranges0,2.599687,2.620872,2.610935,0.89x
pyranges1,3.169293,3.193190,3.183025,0.73x
