Library,Min (s),Max (s),Mean (s),Speedup
polars_bio,0.688983,0.710472,0.696536,13.51x
bioframe,9.340574,9.496878,9.407739,1.00x
pyranges0,2.480283,2.499680,2.491814,3.78x
pyranges1,2.666704,2.693328,2.681581,3.51x
