Library,Min (s),Max (s),Mean (s),Speedup
polars_bio,0.697700,0.721691,0.706042,7.41x
bioframe,5.204499,5.263370,5.230137,1.00x
pyranges0,2.709429,3.000509,2.813060,1.86x
pyranges1,4.544044,4.660098,4.583000,1.14x
