Library,Min (s),Max (s),Mean (s),Speedup
polars_bio,0.080064,0.092169,0.086217,5.53x
bioframe,0.471478,0.484973,0.476839,1.00x
polars_bio-2,0.050367,0.052943,0.051292,9.30x
polars_bio-4,0.034981,0.036934,0.035937,13.27x
polars_bio-6,0.031816,0.033093,0.032284,14.77x
polars_bio-8,0.031255,0.032111,0.031650,15.07x
