Library,Min (s),Max (s),Mean (s),Speedup
polars_bio,0.075640,0.083351,0.078547,7.62x
bioframe,0.588630,0.611907,0.598210,1.00x
polars_bio-2,0.048036,0.049783,0.049047,12.20x
polars_bio-4,0.033486,0.038561,0.036037,16.60x
polars_bio-6,0.029459,0.033453,0.031191,19.18x
polars_bio-8,0.029773,0.030440,0.030078,19.89x
