Library,Min (s),Max (s),Mean (s),Speedup
polars_bio,0.168262,0.170906,0.169496,5.06x
bioframe,0.856861,0.858490,0.857743,1.00x
polars_bio-2,0.101588,0.104388,0.102529,8.37x
polars_bio-4,0.060085,0.061088,0.060521,14.17x
polars_bio-6,0.049655,0.050514,0.050100,17.12x
polars_bio-8,0.043252,0.045497,0.044181,19.41x
