Library,Min (s),Max (s),Mean (s),Speedup
polars_bio,0.105221,0.107400,0.106138,2.99x
bioframe,0.301995,0.325787,0.317844,1.00x
polars_bio-2,0.065437,0.069684,0.067238,4.73x
polars_bio-4,0.043256,0.046703,0.044427,7.15x
polars_bio-6,0.037065,0.038373,0.037735,8.42x
polars_bio-8,0.033547,0.035567,0.034702,9.16x
