Library,Min (s),Max (s),Mean (s),Speedup
polars_bio,0.633729,0.658096,0.642970,260.46x
bioframe,166.298776,168.584293,167.465437,1.00x
polars_bio-2,0.365581,0.387209,0.373120,448.82x
polars_bio-4,0.237444,0.239004,0.237976,703.71x
polars_bio-6,0.184517,0.187424,0.185718,901.72x
polars_bio-8,0.162958,0.164610,0.163821,1022.25x
