Library,Min (s),Max (s),Mean (s),Speedup
polars_bio,0.136525,0.138788,0.137919,8.55x
bioframe,1.166911,1.188031,1.179560,1.00x
polars_bio-2,0.093987,0.099651,0.096377,12.24x
polars_bio-4,0.077691,0.081842,0.079278,14.88x
polars_bio-6,0.076964,0.078818,0.077923,15.14x
polars_bio-8,0.075430,0.077092,0.076129,15.49x
