Library,Min (s),Max (s),Mean (s),Speedup
polars_bio,0.932173,0.949465,0.940589,117.72x
bioframe,108.259066,113.815580,110.727231,1.00x
polars_bio-2,0.578660,0.592676,0.583722,189.69x
polars_bio-4,0.314307,0.321370,0.317381,348.88x
polars_bio-6,0.249865,0.254705,0.252169,439.10x
polars_bio-8,0.205727,0.217022,0.210925,524.96x
