Library,Min (s),Max (s),Mean (s),Speedup
polars_bio,8.325921,13.292990,10.630258,12.54x
bioframe,124.147579,149.166535,133.288185,1.00x
polars_bio-2,6.227536,18.465207,10.860360,12.27x
polars_bio-4,4.073459,4.646840,4.452177,29.94x
polars_bio-6,3.568856,4.414115,3.970687,33.57x
polars_bio-8,3.149700,3.806354,3.477972,38.32x
