Library,Min (s),Max (s),Mean (s),Speedup
polars_bio,0.153930,0.162937,0.156967,7.77x
bioframe,1.216898,1.221012,1.219319,1.00x
polars_bio-2,0.116094,0.119150,0.117739,10.36x
polars_bio-4,0.096312,0.097607,0.096957,12.58x
polars_bio-6,0.089884,0.093011,0.090997,13.40x
polars_bio-8,0.085371,0.088121,0.086602,14.08x
