Library,Min (s),Max (s),Mean (s),Speedup
polars_bio,0.103262,0.116053,0.108281,7.31x
bioframe,0.787498,0.794811,0.791823,1.00x
polars_bio-2,0.077040,0.077629,0.077253,10.25x
polars_bio-4,0.065397,0.066777,0.066089,11.98x
polars_bio-6,0.062617,0.063775,0.063298,12.51x
polars_bio-8,0.062666,0.064015,0.063383,12.49x
