Library,Min (s),Max (s),Mean (s),Speedup
polars_bio,0.221877,0.232696,0.226027,7.11x
bioframe,1.589241,1.627670,1.606566,1.00x
polars_bio-2,0.153135,0.158058,0.155756,10.31x
polars_bio-4,0.114120,0.119641,0.117067,13.72x
polars_bio-6,0.105096,0.106727,0.106033,15.15x
polars_bio-8,0.096365,0.102685,0.099177,16.20x
