Library,Min (s),Max (s),Mean (s),Speedup
polars_bio,0.206332,0.219864,0.211279,4.46x
bioframe,0.938516,0.948571,0.942748,1.00x
polars_bio-2,0.142871,0.145384,0.144234,6.54x
polars_bio-4,0.109082,0.115355,0.111691,8.44x
polars_bio-6,0.095969,0.104365,0.101011,9.33x
polars_bio-8,0.093734,0.098160,0.095649,9.86x
