Library,Min (s),Max (s),Mean (s),Speedup
polars_bio,0.001892,0.006355,0.003397,0.52x
bioframe,0.001563,0.002165,0.001775,1.00x
pyranges1,0.001810,0.002209,0.001972,0.90x
pybedtools,0.020892,0.062978,0.036866,0.05x
genomicranges,0.001896,0.002057,0.001957,0.91x
