Library,Min (s),Max (s),Mean (s),Speedup
polars_bio,0.001911,0.006057,0.003343,1.03x
bioframe,0.003065,0.004110,0.003452,1.00x
pyranges1,0.004455,0.005845,0.005021,0.69x
pybedtools,0.024770,0.059532,0.037421,0.09x
