Library,Min (s),Max (s),Mean (s),Speedup
polars_bio,0.002802,0.007312,0.004371,0.51x
bioframe,0.001570,0.003470,0.002251,1.00x
pyranges0,0.001350,0.004085,0.002281,0.99x
pyranges1,0.002084,0.003622,0.002633,0.85x
pybedtools,0.005288,0.023073,0.011717,0.19x
