Library,Min (s),Max (s),Mean (s),Speedup
polars_bio,0.002471,0.006262,0.003855,0.54x
bioframe,0.001374,0.002735,0.002067,1.00x
pyranges0,0.000977,0.001952,0.001337,1.55x
pyranges1,0.002276,0.003591,0.002739,0.75x
pybedtools,0.006856,0.010064,0.008032,0.26x
genomicranges,0.001784,0.002115,0.001938,1.07x
pygenomics,0.000475,0.000541,0.000509,4.06x
