Library,Min (s),Max (s),Mean (s),Speedup
polars_bio,9.929629,9.993581,9.966585,6.19x
bioframe,61.599008,61.934288,61.721672,1.00x
pyranges1,24.838053,25.273395,25.051403,2.46x
