Library,Min (s),Max (s),Mean (s),Speedup
polars_bio,9.812223,9.925855,9.856571,6.23x
bioframe,61.348815,61.558393,61.444649,1.00x
pyranges1,24.969282,25.069392,25.029806,2.45x
