Library,Min (s),Max (s),Mean (s),Speedup
polars_bio,3.203529,3.322142,3.255245,6.08x
bioframe,19.641692,19.878952,19.787929,1.00x
pyranges1,30.807153,30.984276,30.885682,0.64x
