Library,Min (s),Max (s),Mean (s),Speedup
polars_bio,3.188742,3.310960,3.235061,6.11x
bioframe,19.748385,19.802079,19.778009,1.00x
pyranges0,26.297004,26.906570,26.628051,0.74x
pyranges1,30.304058,30.446378,30.353857,0.65x
