Library,Min (s),Max (s),Mean (s),Speedup
polars_bio,14.431360,14.548645,14.496101,5.56x
bioframe,80.443039,80.705181,80.548879,1.00x
pyranges0,13.649360,14.330292,13.882901,5.80x
pyranges1,17.384461,17.654503,17.561143,4.59x
