Library,Min (s),Max (s),Mean (s),Speedup
polars_bio,18.531273,18.806266,18.632293,1.62x
bioframe,30.074841,30.116671,30.097846,1.00x
pyranges0,29.579651,30.536834,29.904783,1.01x
pyranges1,42.196037,42.278681,42.232728,0.71x
