Library,Min (s),Max (s),Mean (s),Speedup
polars_bio,0.175435,0.183481,0.180021,7.78x
bioframe,1.394441,1.409977,1.400632,1.00x
polars_bio-2,0.113779,0.123663,0.119306,11.74x
polars_bio-4,0.083512,0.095326,0.088936,15.75x
polars_bio-6,0.077604,0.079783,0.078709,17.80x
polars_bio-8,0.076571,0.080946,0.078998,17.73x
