Library,Min (s),Max (s),Mean (s),Speedup
polars_bio,0.164528,0.170796,0.167589,8.24x
bioframe,1.363899,1.411491,1.380681,1.00x
polars_bio-2,0.104552,0.110121,0.108094,12.77x
polars_bio-4,0.077699,0.083442,0.080144,17.23x
polars_bio-6,0.070486,0.075436,0.073707,18.73x
polars_bio-8,0.070646,0.071859,0.071311,19.36x
