Library,Min (s),Max (s),Mean (s),Speedup
polars_bio,0.333204,0.344357,0.337958,5.93x
bioframe,1.998019,2.017689,2.005697,1.00x
polars_bio-2,0.214239,0.217074,0.215286,9.32x
polars_bio-4,0.146431,0.150545,0.149063,13.46x
polars_bio-6,0.132598,0.134690,0.133486,15.03x
polars_bio-8,0.121189,0.124623,0.123237,16.28x
