Library,Min (s),Max (s),Mean (s),Speedup
polars_bio,0.234689,0.243860,0.239161,3.80x
bioframe,0.896076,0.925204,0.908734,1.00x
polars_bio-2,0.151291,0.152618,0.151887,5.98x
polars_bio-4,0.106512,0.109648,0.107563,8.45x
polars_bio-6,0.093470,0.095321,0.094576,9.61x
polars_bio-8,0.088269,0.088811,0.088614,10.25x
