Library,Min (s),Max (s),Mean (s),Speedup
polars_bio,1.282518,1.310969,1.292464,126.37x
bioframe,161.726400,166.279150,163.325435,1.00x
pyranges0,25.841627,25.908293,25.872471,6.31x
pyranges1,25.387223,25.424353,25.405130,6.43x
