Library,Min (s),Max (s),Mean (s),Speedup
polars_bio,0.150506,0.151189,0.150764,8.71x
bioframe,1.288026,1.359282,1.313369,1.00x
pyranges0,26.385203,26.961681,26.598565,0.05x
pyranges1,25.931011,25.986860,25.952746,0.05x
