Library,Min (s),Max (s),Mean (s),Speedup
polars_bio,1.886278,1.920958,1.898126,49.92x
bioframe,94.363318,94.977390,94.760548,1.00x
pyranges0,0.596795,0.645112,0.613895,154.36x
pyranges1,0.933326,0.938341,0.935298,101.32x
