Library,Min (s),Max (s),Mean (s),Speedup
polars_bio,8.807801,12.760883,10.792245,12.13x
bioframe,121.362212,147.871316,130.900552,1.00x
pyranges0,77.523155,78.556182,78.122009,1.68x
pyranges1,150.242710,151.824225,150.997926,0.87x
