Library,Min (s),Max (s),Mean (s),Speedup
polars_bio,0.003283,0.008069,0.005083,3.12x
bioframe,0.014669,0.016689,0.015834,1.00x
pyranges1,0.007637,0.008979,0.008178,1.94x
pybedtools,0.720797,0.730655,0.725407,0.02x
genomicranges,0.202131,0.209398,0.204628,0.08x
