Library,Min (s),Max (s),Mean (s),Speedup
polars_bio,0.002756,0.004613,0.003377,3.06x
bioframe,0.009849,0.011243,0.010339,1.00x
pyranges1,0.013260,0.015308,0.013973,0.74x
pybedtools,0.727294,0.733098,0.731160,0.01x
