Library,Min (s),Max (s),Mean (s),Speedup
polars_bio,0.004851,0.007782,0.005908,4.50x
bioframe,0.025947,0.027779,0.026584,1.00x
pyranges0,0.005010,0.005703,0.005260,5.05x
pyranges1,0.007517,0.007937,0.007690,3.46x
pybedtools,0.040749,0.043864,0.041889,0.63x
