Library,Min (s),Max (s),Mean (s),Speedup
polars_bio,0.004603,0.008294,0.006073,1.81x
bioframe,0.010529,0.011367,0.011014,1.00x
pyranges0,0.006498,0.007306,0.006811,1.62x
pyranges1,0.010960,0.012611,0.011684,0.94x
pybedtools,0.946460,0.949950,0.948121,0.01x
genomicranges,0.198868,0.200266,0.199428,0.06x
pygenomics,0.080325,0.081210,0.080663,0.14x
