Library,Min (s),Max (s),Mean (s),Speedup
polars_bio,6.902523,7.106187,6.977187,8.23x
bioframe,57.128850,57.722511,57.411882,1.00x
pyranges0,19.981274,20.439577,20.218903,2.84x
pyranges1,24.767424,24.875978,24.820851,2.31x
