Library,Min (s),Max (s),Mean (s),Speedup
polars_bio,6.229992,6.419960,6.296271,10.74x
bioframe,67.050405,68.689561,67.634530,1.00x
pyranges0,25.599468,25.623098,25.614085,2.64x
pyranges1,34.988586,35.093899,35.028437,1.93x
