Library,Min (s),Max (s),Mean (s),Speedup
polars_bio,10.092038,10.619069,10.273803,8.21x
bioframe,84.062322,84.694242,84.350277,1.00x
pyranges0,26.646070,29.525431,27.769183,3.04x
pyranges1,45.274145,47.174088,45.913416,1.84x
