Library,Min (s),Max (s),Mean (s),Speedup
polars_bio,7.827986,7.930714,7.867620,4.30x
bioframe,33.578201,34.141769,33.860574,1.00x
pyranges0,9.155055,11.428939,9.936772,3.41x
pyranges1,21.395920,22.750899,21.872390,1.55x
