Library,Min (s),Max (s),Mean (s),Speedup
polars_bio,0.078761,0.084558,0.080929,4.71x
bioframe,0.380356,0.382870,0.381256,1.00x
polars_bio-2,0.063022,0.064510,0.063582,6.00x
polars_bio-4,0.056527,0.057684,0.057120,6.67x
polars_bio-6,0.054723,0.056999,0.055851,6.83x
polars_bio-8,0.054838,0.055720,0.055282,6.90x
