Library,Min (s),Max (s),Mean (s),Speedup
polars_bio,0.068273,0.076455,0.071401,5.54x
bioframe,0.392672,0.398765,0.395546,1.00x
polars_bio-2,0.055846,0.057979,0.056684,6.98x
polars_bio-4,0.050333,0.052172,0.051364,7.70x
polars_bio-6,0.049599,0.051063,0.050300,7.86x
polars_bio-8,0.049920,0.050922,0.050526,7.83x
