Library,Min (s),Max (s),Mean (s),Speedup
polars_bio,0.130625,0.137688,0.133355,4.41x
bioframe,0.584873,0.591482,0.587637,1.00x
polars_bio-2,0.112400,0.113541,0.113065,5.20x
polars_bio-4,0.089499,0.091225,0.090236,6.51x
polars_bio-6,0.083005,0.086151,0.084997,6.91x
polars_bio-8,0.082265,0.084439,0.083156,7.07x
