Library,Min (s),Max (s),Mean (s),Speedup
polars_bio,0.087615,0.093261,0.089575,3.42x
bioframe,0.303791,0.308074,0.306421,1.00x
polars_bio-2,0.074977,0.076090,0.075714,4.05x
polars_bio-4,0.060737,0.062398,0.061669,4.97x
polars_bio-6,0.059006,0.061312,0.060408,5.07x
polars_bio-8,0.058562,0.059237,0.058899,5.20x
