Library,Min (s),Max (s),Mean (s),Speedup
polars_bio,0.295041,0.306866,0.301564,9.47x
bioframe,2.849202,2.859196,2.854961,1.00x
polars_bio-2,0.300303,0.313964,0.305619,9.34x
polars_bio-4,0.289494,0.294435,0.292215,9.77x
polars_bio-6,0.285530,0.300692,0.290765,9.82x
polars_bio-8,0.286263,0.288482,0.287528,9.93x
