Library,Min (s),Max (s),Mean (s),Speedup
polars_bio,0.214228,0.235867,0.223713,6.09x
bioframe,1.338553,1.398782,1.362249,1.00x
polars_bio-2,0.192855,0.202614,0.199255,6.84x
polars_bio-4,0.188364,0.192209,0.190221,7.16x
polars_bio-6,0.189371,0.191264,0.190313,7.16x
polars_bio-8,0.189188,0.190880,0.190089,7.17x
