Library,Min (s),Max (s),Mean (s),Speedup
polars_bio,0.301973,0.332598,0.312432,8.88x
bioframe,2.770041,2.778592,2.774662,1.00x
polars_bio-2,0.316939,0.324308,0.320444,8.66x
polars_bio-4,0.292395,0.297595,0.295284,9.40x
polars_bio-6,0.299236,0.306369,0.301985,9.19x
polars_bio-8,0.303732,0.309368,0.306310,9.06x
