Library,Min (s),Max (s),Mean (s),Speedup
polars_bio,0.334774,0.349585,0.340419,7.14x
bioframe,2.420541,2.450079,2.430602,1.00x
polars_bio-2,0.338828,0.351485,0.343426,7.08x
polars_bio-4,0.311041,0.316072,0.313402,7.76x
polars_bio-6,0.303103,0.310565,0.307673,7.90x
polars_bio-8,0.303926,0.315570,0.308357,7.88x
