Library,Min (s),Max (s),Mean (s),Speedup
polars_bio,0.289560,0.305339,0.296709,9.57x
bioframe,2.835375,2.845218,2.839602,1.00x
pyranges0,1.066115,1.075016,1.070007,2.65x
pyranges1,1.282545,1.304459,1.293764,2.19x
