Library,Min (s),Max (s),Mean (s),Speedup
polars_bio,0.212853,0.223945,0.216958,6.19x
bioframe,1.336222,1.357850,1.343867,1.00x
pyranges0,1.279494,1.288348,1.283613,1.05x
pyranges1,1.721812,1.738480,1.728193,0.78x
