Library,Min (s),Max (s),Mean (s),Speedup
polars_bio,0.299937,0.321799,0.307235,9.05x
bioframe,2.773134,2.784802,2.779104,1.00x
pyranges0,1.841712,1.864535,1.854108,1.50x
pyranges1,2.013756,2.036099,2.027856,1.37x
