Library,Min (s),Max (s),Mean (s),Speedup
polars_bio,0.334646,0.357707,0.342804,6.98x
bioframe,2.380472,2.417433,2.394448,1.00x
pyranges0,1.182601,1.305586,1.225742,1.95x
pyranges1,1.896645,1.916848,1.904311,1.26x
