Library,Min (s),Max (s),Mean (s),Speedup,Peak memory (MB)
polars_bio,3.827717,3.835170,3.830823,25.47x,737.059
polars_bio_streaming,3.346898,3.388796,3.372987,28.93x,428.422
bioframe,97.272988,97.790775,97.572564,1.00x,25981.051
pyranges1,30.021737,30.181438,30.124339,3.24x,3102.840
