Library,Min (s),Max (s),Mean (s),Speedup,Peak memory (MB)
polars_bio,11.003474,11.126526,11.052697,6.35x,1012.105
polars_bio_streaming,9.939793,10.434084,10.264927,6.83x,696.078
bioframe,70.006460,70.300308,70.147160,1.00x,8315.176
pyranges1,33.521685,33.726979,33.593637,2.09x,8495.672
