Library,Min (s),Max (s),Mean (s),Speedup
polars_bio,1.466911,1.477681,1.473079,22.54x
bioframe,32.732880,33.975560,33.205976,1.00x
polars_bio-2,0.802148,0.823300,0.809389,41.03x
polars_bio-4,0.460942,0.462966,0.462156,71.85x
polars_bio-6,0.327417,0.351951,0.341738,97.17x
polars_bio-8,0.271842,0.293991,0.283424,117.16x
