Library,Min (s),Max (s),Mean (s),Speedup
polars_bio,0.829382,0.844085,0.834665,10.69x
bioframe,8.847483,9.027890,8.925865,1.00x
polars_bio-2,0.432699,0.439402,0.436916,20.43x
polars_bio-4,0.267060,0.273935,0.270416,33.01x
polars_bio-6,0.198080,0.213204,0.203833,43.79x
polars_bio-8,0.170563,0.192646,0.183408,48.67x
