Library,Min (s),Max (s),Mean (s),Speedup
polars_bio,2.676256,2.705226,2.694655,9.89x
bioframe,26.370699,26.956504,26.644711,1.00x
polars_bio-2,1.432971,1.457837,1.446572,18.42x
polars_bio-4,0.801235,0.807812,0.804930,33.10x
polars_bio-6,0.576071,0.585591,0.580072,45.93x
polars_bio-8,0.470900,0.478902,0.474460,56.16x
