Library,Min (s),Max (s),Mean (s),Speedup
polars_bio,2.508934,2.578250,2.535127,4.59x
bioframe,11.554006,11.817912,11.645852,1.00x
polars_bio-2,1.322467,1.383758,1.348537,8.64x
polars_bio-4,0.758965,0.769007,0.764665,15.23x
polars_bio-6,0.544056,0.559053,0.551203,21.13x
polars_bio-8,0.457165,0.458433,0.457590,25.45x
