Library,Min (s),Max (s),Mean (s),Speedup
polars_bio,0.458394,0.460443,0.459646,23.29x
bioframe,10.641311,10.771046,10.706167,1.00x
polars_bio-2,0.418622,0.423081,0.421376,25.41x
polars_bio-4,0.410247,0.420127,0.416061,25.73x
polars_bio-6,0.404591,0.406292,0.405369,26.41x
polars_bio-8,0.403624,0.409372,0.406132,26.36x
