Library,Min (s),Max (s),Mean (s),Speedup
polars_bio,0.330902,0.334391,0.332534,6.98x
bioframe,2.300585,2.358044,2.320690,1.00x
polars_bio-2,0.306430,0.312083,0.309592,7.50x
polars_bio-4,0.303296,0.305756,0.304621,7.62x
polars_bio-6,0.305551,0.306727,0.306037,7.58x
polars_bio-8,0.303989,0.305824,0.304807,7.61x
