Library,Min (s),Max (s),Mean (s),Speedup
polars_bio,0.692602,0.701947,0.697747,13.05x
bioframe,9.037972,9.187904,9.108704,1.00x
polars_bio-2,0.645766,0.649392,0.647710,14.06x
polars_bio-4,0.613599,0.621334,0.616445,14.78x
polars_bio-6,0.608682,0.620407,0.615536,14.80x
polars_bio-8,0.625264,0.639584,0.633445,14.38x
