Library,Min (s),Max (s),Mean (s),Speedup
polars_bio,0.706404,0.736053,0.717866,7.42x
bioframe,5.252236,5.399934,5.326215,1.00x
polars_bio-2,0.637312,0.658798,0.645456,8.25x
polars_bio-4,0.535480,0.555767,0.545774,9.76x
polars_bio-6,0.504192,0.516405,0.511536,10.41x
polars_bio-8,0.509432,0.527945,0.518273,10.28x
