Library,Min (s),Max (s),Mean (s),Speedup
polars_bio,0.143594,0.144638,0.144198,7.41x
bioframe,1.061766,1.078757,1.069088,1.00x
pyranges0,0.277989,0.279342,0.278701,3.84x
pyranges1,0.380409,0.391090,0.385892,2.77x
