Library,Min (s),Max (s),Mean (s),Speedup
polars_bio,0.132985,0.133525,0.133302,9.18x
bioframe,1.216191,1.235356,1.224268,1.00x
pyranges0,0.395385,0.398629,0.397278,3.08x
pyranges1,0.602838,0.611252,0.606639,2.02x
