Library,Min (s),Max (s),Mean (s),Speedup
polars_bio,0.228888,0.230663,0.229666,7.04x
bioframe,1.600060,1.625397,1.616132,1.00x
pyranges0,0.446994,0.485662,0.460033,3.51x
pyranges1,0.741119,0.744512,0.743293,2.17x
