Library,Min (s),Max (s),Mean (s),Speedup
polars_bio,0.171683,0.173664,0.172683,4.12x
bioframe,0.708453,0.714320,0.712052,1.00x
pyranges0,0.166057,0.192936,0.175265,4.06x
pyranges1,0.399956,0.402438,0.400811,1.78x
