Library,Min (s),Max (s),Mean (s),Speedup
polars_bio,0.125013,0.129571,0.127033,7.95x
bioframe,1.008410,1.010556,1.009765,1.00x
pyranges0,0.277912,0.278091,0.277994,3.63x
pyranges1,0.355902,0.358239,0.356858,2.83x
