Library,Min (s),Max (s),Mean (s),Speedup
polars_bio,0.113951,0.115584,0.114885,9.71x
bioframe,1.109890,1.118996,1.115137,1.00x
pyranges0,0.385116,0.405587,0.392819,2.84x
pyranges1,0.575769,0.583000,0.579401,1.92x
