Library,Min (s),Max (s),Mean (s),Speedup
polars_bio,0.192394,0.194710,0.193585,7.38x
bioframe,1.419973,1.434458,1.428849,1.00x
pyranges0,0.353871,0.371079,0.360137,3.97x
pyranges1,0.580066,0.589383,0.583222,2.45x
