Library,Min (s),Max (s),Mean (s),Speedup
polars_bio,0.154223,0.157952,0.156199,4.42x
bioframe,0.677059,0.714174,0.690835,1.00x
pyranges0,0.176122,0.208828,0.187032,3.69x
pyranges1,0.405460,0.410803,0.407779,1.69x
