Library,Min (s),Max (s),Mean (s),Speedup
polars_bio,9.701679,9.796148,9.740035,1.00x
polars_bio-2,5.346433,5.399117,5.370757,1.81x
polars_bio-4,3.150557,3.203458,3.178719,3.06x
polars_bio-6,2.485947,2.563860,2.527680,3.85x
polars_bio-8,2.156472,2.176608,2.163483,4.50x
