Library,Min (s),Max (s),Mean (s),Speedup
polars_bio,3.091184,3.216964,3.135982,1.00x
polars_bio-2,1.998423,2.041581,2.013310,1.56x
polars_bio-4,1.412483,1.452180,1.426102,2.20x
polars_bio-6,1.281432,1.328666,1.301256,2.41x
polars_bio-8,1.176944,1.193294,1.184140,2.65x
