Library,Min (s),Max (s),Mean (s),Speedup
polars_bio,14.325736,14.444885,14.390270,1.00x
polars_bio-2,8.095907,8.178189,8.136852,1.77x
polars_bio-4,5.096407,5.153790,5.122893,2.81x
polars_bio-6,3.986362,4.205706,4.128561,3.49x
polars_bio-8,3.491618,3.711814,3.577309,4.02x
