Library,Min (s),Max (s),Mean (s),Speedup
polars_bio,18.215782,19.091392,18.510207,1.00x
polars_bio-2,9.399565,9.680242,9.566631,1.93x
polars_bio-4,5.303647,5.555487,5.442898,3.40x
polars_bio-6,4.022274,4.066371,4.051045,4.57x
polars_bio-8,3.369559,3.416123,3.388564,5.46x
