Library,Min (s),Max (s),Mean (s),Speedup
polars_bio,1.615522,1.651503,1.630379,7.82x
bioframe,12.714210,12.817720,12.749608,1.00x
pyranges0,5.277570,5.314468,5.295500,2.41x
pyranges1,6.805291,6.885232,6.849496,1.86x
