Library,Min (s),Max (s),Mean (s),Speedup
polars_bio,1.230832,1.289300,1.258938,6.59x
bioframe,8.235076,8.371900,8.292895,1.00x
pyranges0,6.690323,6.775535,6.726251,1.23x
pyranges1,9.814163,9.918013,9.855318,0.84x
