Library,Min (s),Max (s),Mean (s),Speedup
polars_bio,1.722881,1.829847,1.760452,8.50x
bioframe,14.878047,15.048870,14.956813,1.00x
pyranges0,11.556914,11.662049,11.604748,1.29x
pyranges1,12.789540,12.884949,12.825186,1.17x
