Library,Min (s),Max (s),Mean (s),Speedup
polars_bio,1.656085,2.056864,1.825715,6.57x
bioframe,11.935507,12.068582,11.986584,1.00x
pyranges0,5.496981,6.377852,5.816171,2.06x
pyranges1,8.231633,8.380375,8.283915,1.45x
