Library,Min (s),Max (s),Mean (s),Speedup
polars_bio,2.515665,2.587257,2.542082,7.52x
bioframe,18.868148,19.372795,19.113667,1.00x
pyranges0,3.752891,3.990177,3.857950,4.95x
pyranges1,5.523137,5.786668,5.641445,3.39x
