Library,Min (s),Max (s),Mean (s),Speedup
polars_bio,2.351644,2.428474,2.378574,10.33x
bioframe,24.107917,25.394766,24.569153,1.00x
pyranges0,5.554741,5.655160,5.603948,4.38x
pyranges1,9.277757,9.394594,9.339168,2.63x
