Library,Min (s),Max (s),Mean (s),Speedup
polars_bio,4.142339,4.212139,4.173435,7.10x
bioframe,29.564881,29.729511,29.621729,1.00x
pyranges0,16.787751,17.808153,17.155059,1.73x
pyranges1,24.004573,24.141668,24.074521,1.23x
