Library,Min (s),Max (s),Mean (s),Speedup
polars_bio,2.995352,3.039010,3.010396,3.25x
bioframe,9.736747,9.818164,9.772723,1.00x
pyranges0,1.239472,2.023552,1.510339,6.47x
pyranges1,3.876458,4.248512,4.007251,2.44x
