Library,Min (s),Max (s),Mean (s),Speedup
polars_bio,1.445467,1.484052,1.462250,58.77x
bioframe,85.632767,86.261480,85.935955,1.00x
pyranges0,9.674847,9.833233,9.753982,8.81x
pyranges1,10.170249,10.254359,10.201813,8.42x
pybedtools,33.101592,33.966188,33.423595,2.57x
genomicranges,488.972732,490.395787,489.548184,0.18x
