Library,Min (s),Max (s),Mean (s),Speedup
polars_bio,2.116922,2.169534,2.139006,32.13x
bioframe,68.581465,68.992651,68.725495,1.00x
pyranges0,1.381964,1.508513,1.424446,48.25x
pyranges1,2.697684,2.728407,2.717532,25.29x
pybedtools,35.528719,35.876667,35.699544,1.93x
