Library,Min (s),Max (s),Mean (s),Speedup
polars_bio,0.267875,0.296727,0.277677,1.00x
polars_bio-2,0.163662,0.170045,0.165917,1.67x
polars_bio-4,0.111136,0.114835,0.112891,2.46x
polars_bio-6,0.097944,0.104607,0.101477,2.74x
polars_bio-8,0.099474,0.117493,0.106059,2.62x
