Library,Min (s),Max (s),Mean (s),Speedup
polars_bio,0.128377,0.131261,0.129598,1.00x
polars_bio-2,0.081762,0.085104,0.083240,1.56x
polars_bio-4,0.064151,0.066197,0.064851,2.00x
polars_bio-6,0.066926,0.068920,0.067680,1.91x
polars_bio-8,0.072767,0.074339,0.073589,1.76x
