Library,Min (s),Max (s),Mean (s),Speedup
polars_bio,0.393067,0.415076,0.404032,1.00x
polars_bio-2,0.234559,0.235746,0.235051,1.72x
polars_bio-4,0.158996,0.167352,0.163490,2.47x
polars_bio-6,0.146340,0.149350,0.148215,2.73x
polars_bio-8,0.125472,0.128158,0.126606,3.19x
