Library,Min (s),Max (s),Mean (s),Speedup
polars_bio,0.033621,0.041867,0.036498,1.00x
polars_bio-2,0.022960,0.023284,0.023091,1.58x
polars_bio-4,0.015470,0.016325,0.015926,2.29x
polars_bio-6,0.016807,0.017625,0.017137,2.13x
polars_bio-8,0.012399,0.012925,0.012749,2.86x
