Library,Min (s),Max (s),Mean (s),Speedup
polars_bio,0.468442,0.523065,0.494609,1.00x
polars_bio-2,0.262861,0.268280,0.265028,1.87x
polars_bio-4,0.162900,0.166657,0.164536,3.01x
polars_bio-6,0.137724,0.146893,0.143772,3.44x
polars_bio-8,0.111952,0.114650,0.113521,4.36x
