Library,Min (s),Max (s),Mean (s),Speedup
polars_bio,0.652272,0.674823,0.663132,69.44x
bioframe,45.937525,46.169552,46.047465,1.00x
polars_bio-2,0.524247,0.530259,0.526871,87.40x
polars_bio-4,0.476299,0.480632,0.478972,96.14x
polars_bio-6,0.455831,0.463954,0.460027,100.10x
polars_bio-8,0.454728,0.457130,0.456215,100.93x
