Library,Min (s),Max (s),Mean (s),Speedup
polars_bio,0.404377,0.409436,0.406714,7.77x
bioframe,3.120126,3.241278,3.160992,1.00x
polars_bio-2,0.339154,0.345813,0.343566,9.20x
polars_bio-4,0.321026,0.328413,0.325532,9.71x
polars_bio-6,0.319388,0.321307,0.320564,9.86x
polars_bio-8,0.318724,0.321916,0.320073,9.88x
