Library,Min (s),Max (s),Mean (s),Speedup
polars_bio,1.057508,1.060860,1.059389,28.66x
bioframe,30.215456,30.468405,30.359239,1.00x
polars_bio-2,0.851221,0.853208,0.852408,35.62x
polars_bio-4,0.756056,0.765964,0.760662,39.91x
polars_bio-6,0.771679,0.799650,0.783448,38.75x
polars_bio-8,0.807062,0.826556,0.818608,37.09x
