Library,Min (s),Max (s),Mean (s),Speedup
polars_bio,1.758149,1.990774,1.842115,8.75x
bioframe,15.969290,16.354324,16.118095,1.00x
polars_bio-2,1.378088,1.505610,1.424692,11.31x
polars_bio-4,1.097717,1.120128,1.111728,14.50x
polars_bio-6,0.995585,1.016322,1.002729,16.07x
polars_bio-8,0.969563,1.003521,0.988739,16.30x
