Library,Min (s),Max (s),Mean (s),Speedup,Peak memory (MB)
polars_bio,0.012814,0.408332,0.145315,1.24x,263.160
polars_bio_streaming,0.007605,0.007975,0.007790,23.20x,260.242
bioframe,0.044222,0.452630,0.180742,1.00x,230.684
pyranges0,0.066032,0.074886,0.068992,2.62x,231.195
pyranges1,0.071110,0.075383,0.072851,2.48x,230.680
