Library,Min (s),Max (s),Mean (s),Speedup,Peak memory (MB)
polars_bio,0.123656,1.702108,0.659015,1.99x,331.398
polars_bio_streaming,0.111801,0.762227,0.328874,3.98x,308.738
bioframe,0.881782,2.161628,1.309551,1.00x,297.695
pyranges0,1.728053,2.579086,2.030527,0.64x,308.930
pyranges1,1.953048,2.161655,2.049615,0.64x,337.352
