Library,Min (s),Max (s),Mean (s),Speedup,Peak memory (MB)
polars_bio,6.565142,7.696104,6.973448,12.21x,1070.016
polars_bio_streaming,5.840416,6.828222,6.203000,13.73x,527.008
bioframe,84.308310,86.512823,85.150539,1.00x,2418.629
pyranges0,20.679566,21.424632,20.949203,4.06x,2239.047
pyranges1,25.352803,27.604137,26.544063,3.21x,2534.629
