Library,Min (s),Max (s),Mean (s),Speedup,Peak memory (MB)
polars_bio,16.577973,16.599008,16.591114,5.88x,2208.477
polars_bio_streaming,14.957252,15.214483,15.115055,6.45x,1202.555
bioframe,96.638005,98.217010,97.559755,1.00x,7832.391
pyranges0,54.678927,55.140916,54.905002,1.78x,3125.051
pyranges1,31.874441,33.028755,32.303297,3.02x,4447.332
