Library,Min (s),Max (s),Mean (s),Speedup
polars_bio,3.690849,4.521195,4.133256,8.14x
bioframe,32.992552,34.653587,33.627669,1.00x
pyranges0,17.257820,17.572468,17.422332,1.93x
pyranges1,37.944865,38.349443,38.103580,0.88x
pybedtools,928.899599,941.145935,935.928867,0.04x
genomicranges,488.103586,501.321331,494.727019,0.07x
