Library,Min (s),Max (s),Mean (s),Speedup
polars_bio,1.055164,1.081392,1.064703,12.02x
bioframe,12.765138,12.848076,12.801093,1.00x
pyranges0,2.044786,2.111503,2.070566,6.18x
pyranges1,2.836397,2.855323,2.845443,4.50x
