Library,Min (s),Max (s),Mean (s),Speedup
polars_bio,1.020796,1.032199,1.025976,11.51x
bioframe,11.576579,12.048013,11.804004,1.00x
pyranges0,2.722731,2.737065,2.731223,4.32x
pyranges1,3.866453,3.925281,3.895075,3.03x
