Library,Min (s),Max (s),Mean (s),Speedup
polars_bio,2.228157,2.240656,2.236210,6.40x
bioframe,14.249478,14.393015,14.311066,1.00x
pyranges0,2.364495,2.443902,2.406568,5.95x
pyranges1,4.099102,4.114936,4.108681,3.48x
