Library,Min (s),Max (s),Mean (s),Speedup
polars_bio,1.467310,1.467748,1.467468,3.48x
bioframe,5.036735,5.208571,5.106787,1.00x
pyranges0,1.882156,2.030494,1.936280,2.64x
pyranges1,4.002920,4.028897,4.018608,1.27x
