Library,Min (s),Max (s),Mean (s),Speedup
polars_bio,0.267411,0.276067,0.270594,5.99x
bioframe,1.610527,1.628542,1.619707,1.00x
pyranges0,0.797690,0.807181,0.803461,2.02x
pyranges1,1.016347,1.022221,1.019724,1.59x
