Library,Min (s),Max (s),Mean (s),Speedup
polars_bio,0.202958,0.214865,0.207226,6.05x
bioframe,1.249105,1.259496,1.253037,1.00x
pyranges0,1.003626,1.009017,1.006596,1.24x
pyranges1,1.425431,1.463099,1.443513,0.87x
