Library,Min (s),Max (s),Mean (s),Speedup
polars_bio,0.257827,0.274947,0.264631,8.31x
bioframe,2.182040,2.210485,2.197877,1.00x
pyranges0,1.854812,1.869892,1.859934,1.18x
pyranges1,2.049982,2.068574,2.058234,1.07x
