Library,Min (s),Max (s),Mean (s),Speedup
polars_bio,0.256005,0.262684,0.258594,6.17x
bioframe,1.583499,1.605448,1.595704,1.00x
pyranges0,0.772412,0.878315,0.808402,1.97x
pyranges1,1.124419,1.145283,1.137928,1.40x
