Library,Min (s),Max (s),Mean (s),Speedup
polars_bio,1.289824,1.310717,1.301067,123.11x
bioframe,157.335440,164.890049,160.178307,1.00x
polars_bio-2,0.711138,0.732510,0.719995,222.47x
polars_bio-4,0.413040,0.417164,0.414661,386.29x
polars_bio-6,0.307014,0.315923,0.311165,514.77x
polars_bio-8,0.262961,0.268941,0.266607,600.80x
