Library,Min (s),Max (s),Mean (s),Speedup
polars_bio,0.153571,0.162119,0.158111,8.35x
bioframe,1.299931,1.352062,1.319931,1.00x
polars_bio-2,0.098937,0.107030,0.103459,12.76x
polars_bio-4,0.081842,0.084183,0.082866,15.93x
polars_bio-6,0.075153,0.077792,0.076624,17.23x
polars_bio-8,0.074241,0.075878,0.075173,17.56x
