Library,Min (s),Max (s),Mean (s),Speedup
polars_bio,1.912551,1.946278,1.926133,51.25x
bioframe,97.352574,99.892812,98.721682,1.00x
polars_bio-2,1.136377,1.140595,1.139143,86.66x
polars_bio-4,0.589119,0.597880,0.594773,165.98x
polars_bio-6,0.443549,0.445079,0.444142,222.28x
polars_bio-8,0.356859,0.361556,0.359124,274.90x
