Library,Min (s),Max (s),Mean (s),Speedup
polars_bio,8.561136,13.628692,11.116492,12.04x
bioframe,124.356841,147.596641,133.852213,1.00x
polars_bio-2,6.358124,18.555627,10.910229,12.27x
polars_bio-4,4.331835,4.490112,4.426172,30.24x
polars_bio-6,3.717218,4.073937,3.944850,33.93x
polars_bio-8,3.331442,4.000518,3.570595,37.49x
