Library,Min (s),Max (s),Mean (s),Speedup
polars_bio,0.496938,0.517659,0.505043,1.00x
polars_bio-2,0.295325,0.313859,0.302686,1.67x
polars_bio-4,0.194371,0.204330,0.200853,2.51x
polars_bio-6,0.175505,0.181913,0.178222,2.83x
polars_bio-8,0.156720,0.163036,0.160701,3.14x
