Library,Min (s),Max (s),Mean (s),Speedup
polars_bio,0.245895,0.250118,0.247479,1.00x
polars_bio-2,0.167378,0.173578,0.171251,1.45x
polars_bio-4,0.122749,0.126635,0.124491,1.99x
polars_bio-6,0.113850,0.119157,0.116185,2.13x
polars_bio-8,0.108127,0.110327,0.109420,2.26x
