Library,Min (s),Max (s),Mean (s),Speedup
polars_bio,0.758815,0.789190,0.769877,1.00x
polars_bio-2,0.465192,0.474840,0.468824,1.64x
polars_bio-4,0.332101,0.336953,0.334461,2.30x
polars_bio-6,0.276071,0.292660,0.281794,2.73x
polars_bio-8,0.237269,0.263256,0.254046,3.03x
