Library,Min (s),Max (s),Mean (s),Speedup
polars_bio,0.903831,1.098046,0.974229,1.00x
polars_bio-2,0.500990,0.512259,0.504852,1.93x
polars_bio-4,0.300453,0.328605,0.318188,3.06x
polars_bio-6,0.257792,0.278203,0.268718,3.63x
polars_bio-8,0.223210,0.243244,0.230621,4.22x
