Library,Min (s),Max (s),Mean (s),Speedup
polars_bio,1.617914,1.631490,1.624648,27.65x
bioframe,44.864669,45.023236,44.920378,1.00x
polars_bio-2,0.864350,0.867409,0.865420,51.91x
polars_bio-4,0.496625,0.501500,0.498297,90.15x
polars_bio-6,0.375390,0.377292,0.376645,119.26x
polars_bio-8,0.302806,0.316064,0.310938,144.47x
