Library,Min (s),Max (s),Mean (s),Speedup
polars_bio,0.649822,0.654064,0.651574,13.22x
bioframe,8.580189,8.665693,8.613752,1.00x
polars_bio-2,0.352683,0.364124,0.357575,24.09x
polars_bio-4,0.215544,0.218983,0.216836,39.72x
polars_bio-6,0.172660,0.188950,0.179194,48.07x
polars_bio-8,0.159662,0.171068,0.167034,51.57x
