Library,Min (s),Max (s),Mean (s),Speedup
polars_bio,2.326714,2.339305,2.334010,15.90x
bioframe,36.959716,37.291361,37.120836,1.00x
polars_bio-2,1.259365,1.279499,1.272550,29.17x
polars_bio-4,0.717171,0.719231,0.718387,51.67x
polars_bio-6,0.531578,0.537188,0.533879,69.53x
polars_bio-8,0.454792,0.468054,0.459994,80.70x
