Library,Min (s),Max (s),Mean (s),Speedup
polars_bio,2.862659,3.074958,2.945687,5.50x
bioframe,15.727546,17.083521,16.187417,1.00x
polars_bio-2,1.535066,1.808016,1.652249,9.80x
polars_bio-4,0.876044,0.895677,0.885290,18.28x
polars_bio-6,0.622718,0.641369,0.629525,25.71x
polars_bio-8,0.507374,0.513300,0.509476,31.77x
