Library,Min (s),Max (s),Mean (s),Speedup
polars_bio,0.495500,0.498240,0.497018,7.66x
bioframe,3.797982,3.817457,3.805713,1.00x
pyranges0,0.835008,0.847040,0.840181,4.53x
pyranges1,1.158664,1.175978,1.164756,3.27x
