Library,Min (s),Max (s),Mean (s),Speedup
polars_bio,0.419304,0.419772,0.419611,9.45x
bioframe,3.897307,4.017010,3.967166,1.00x
pyranges0,1.189481,1.196937,1.193429,3.32x
pyranges1,1.809315,1.830526,1.822101,2.18x
