Library,Min (s),Max (s),Mean (s),Speedup
polars_bio,0.866531,0.876509,0.870552,6.39x
bioframe,5.534284,5.587296,5.561510,1.00x
pyranges0,2.310199,2.421951,2.348663,2.37x
pyranges1,3.325580,3.339793,3.331404,1.67x
