Library,Min (s),Max (s),Mean (s),Speedup
polars_bio,0.573624,0.582345,0.578408,4.01x
bioframe,2.305830,2.339675,2.317303,1.00x
pyranges0,0.511825,0.626818,0.551819,4.20x
pyranges1,1.165162,1.186905,1.173731,1.97x
