Library,Min (s),Max (s),Mean (s),Speedup
polars_bio,0.967315,0.980453,0.971850,7.28x
bioframe,7.023254,7.160414,7.071719,1.00x
polars_bio-2,0.512132,0.514245,0.513513,13.77x
polars_bio-4,0.265325,0.284221,0.275585,25.66x
polars_bio-6,0.189348,0.206914,0.199736,35.41x
polars_bio-8,0.152502,0.169504,0.159934,44.22x
