Library,Min (s),Max (s),Mean (s),Speedup
polars_bio,0.993075,1.007066,0.998865,9.06x
bioframe,8.944048,9.244716,9.045922,1.00x
polars_bio-2,0.513602,0.532184,0.522735,17.30x
polars_bio-4,0.270901,0.290480,0.281844,32.10x
polars_bio-6,0.196188,0.229652,0.213912,42.29x
polars_bio-8,0.159075,0.172480,0.167361,54.05x
