Library,Min (s),Max (s),Mean (s),Speedup
polars_bio,1.983834,2.024232,2.003633,4.89x
bioframe,9.726327,9.892532,9.790450,1.00x
polars_bio-2,1.054178,1.080327,1.067644,9.17x
polars_bio-4,0.565159,0.578674,0.571746,17.12x
polars_bio-6,0.396347,0.398333,0.397508,24.63x
polars_bio-8,0.313302,0.316678,0.314807,31.10x
