Library,Min (s),Max (s),Mean (s),Speedup
polars_bio,1.200052,1.213254,1.207185,2.57x
bioframe,3.069831,3.118561,3.097284,1.00x
polars_bio-2,0.645484,0.651952,0.649392,4.77x
polars_bio-4,0.355920,0.356930,0.356386,8.69x
polars_bio-6,0.253585,0.255158,0.254431,12.17x
polars_bio-8,0.205425,0.206770,0.205900,15.04x
