Library,Min (s),Max (s),Mean (s),Speedup
polars_bio,6.348053,6.380823,6.360715,7.97x
bioframe,50.561163,50.866154,50.705086,1.00x
pyranges0,10.202995,10.318311,10.247959,4.95x
pyranges1,14.756190,15.270045,14.985150,3.38x
