Library,Min (s),Max (s),Mean (s),Speedup
polars_bio,5.893892,6.010659,5.941078,11.23x
bioframe,65.620080,68.829156,66.695465,1.00x
pyranges0,14.861412,15.048673,14.938420,4.46x
pyranges1,24.269811,24.362398,24.321160,2.74x
