Library,Min (s),Max (s),Mean (s),Speedup
polars_bio,10.102606,10.585296,10.272936,7.57x
bioframe,77.297740,78.043580,77.751406,1.00x
pyranges0,44.633156,46.674071,45.376655,1.71x
pyranges1,63.815470,65.778667,64.600212,1.20x
