Library,Min (s),Max (s),Mean (s),Speedup
polars_bio,6.499061,6.518009,6.511596,3.76x
bioframe,24.332550,24.724062,24.469901,1.00x
pyranges0,3.246496,5.483151,3.997616,6.12x
pyranges1,10.788658,12.428873,11.345134,2.16x
