Library,Min (s),Max (s),Mean (s),Speedup
polars_bio,0.064048,0.067931,0.066256,1.00x
polars_bio-2,0.033582,0.034029,0.033757,1.96x
polars_bio-4,0.023438,0.029486,0.025705,2.58x
polars_bio-8,0.022194,0.022685,0.022360,2.96x
