Library,Min (s),Max (s),Mean (s),Speedup
polars_bio,0.467946,0.485632,0.477572,1.00x
polars_bio-2,0.236344,0.243494,0.239967,1.99x
polars_bio-4,0.173926,0.181006,0.177744,2.69x
polars_bio-8,0.143564,0.148180,0.146185,3.27x
