Library,Min (s),Max (s),Mean (s),Speedup
polars_bio,0.075426,0.079241,0.076816,1.00x
polars_bio-2,0.036985,0.038072,0.037709,2.04x
polars_bio-4,0.034953,0.036516,0.035511,2.16x
polars_bio-8,0.033078,0.035404,0.034117,2.25x
