Library,Min (s),Max (s),Mean (s),Speedup
polars_bio,0.064354,0.067655,0.065987,1.00x
polars_bio-2,0.033382,0.035307,0.034495,1.91x
polars_bio-4,0.024277,0.025160,0.024612,2.68x
polars_bio-8,0.021161,0.022942,0.021913,3.01x
