Library,Min (s),Max (s),Mean (s),Speedup
polars_bio,1.626209,1.739768,1.669475,1.00x
polars_bio-2,0.820179,0.846992,0.830092,2.01x
polars_bio-4,0.698292,0.715666,0.704443,2.37x
polars_bio-8,0.596769,0.601207,0.599026,2.79x
