Library,Min (s),Max (s),Mean (s),Speedup
polars_bio,0.009827,0.010560,0.010094,1.00x
polars_bio-2,0.007379,0.009149,0.008165,1.24x
polars_bio-4,0.006154,0.006750,0.006381,1.58x
polars_bio-8,0.006056,0.006297,0.006170,1.64x
