Library,Min (s),Max (s),Mean (s),Speedup
polars_bio,0.019558,0.021378,0.020412,1.00x
polars_bio-2,0.011787,0.013076,0.012571,1.62x
polars_bio-4,0.010272,0.010610,0.010400,1.96x
polars_bio-8,0.009548,0.010290,0.009903,2.06x
