Library,Min (s),Max (s),Mean (s),Speedup
polars_bio,0.031231,0.034640,0.032468,1.00x
polars_bio-2,0.019477,0.020159,0.019834,1.64x
polars_bio-4,0.014011,0.016094,0.015059,2.16x
polars_bio-8,0.012113,0.014487,0.013644,2.38x
