Library,Min (s),Max (s),Mean (s),Speedup
polars_bio,0.751130,0.787349,0.765143,1.00x
polars_bio-2,0.395776,0.434853,0.417496,1.83x
polars_bio-4,0.268070,0.275318,0.270840,2.83x
polars_bio-8,0.160216,0.170598,0.164302,4.66x
