Library,Min (s),Max (s),Mean (s),Speedup
polars_bio,0.008069,0.009207,0.008503,1.00x
polars_bio-2,0.005830,0.007193,0.006336,1.34x
polars_bio-4,0.004990,0.005469,0.005213,1.63x
polars_bio-8,0.005011,0.005718,0.005302,1.60x
