Library,Min (s),Max (s),Mean (s),Speedup
polars_bio,0.040570,0.042697,0.041621,1.00x
polars_bio-2,0.023023,0.025268,0.024163,1.72x
polars_bio-4,0.014471,0.015460,0.014843,2.80x
polars_bio-8,0.011963,0.012078,0.012004,3.47x
