Library,Min (s),Max (s),Mean (s),Speedup
polars_bio,0.011863,0.012541,0.012225,1.00x
polars_bio-2,0.007491,0.009354,0.008178,1.49x
polars_bio-4,0.006354,0.006763,0.006526,1.87x
polars_bio-8,0.006261,0.007117,0.006614,1.85x
