Library,Min (s),Max (s),Mean (s),Speedup
polars_bio,0.284315,0.291866,0.286854,1.00x
polars_bio-2,0.150107,0.151043,0.150511,1.91x
polars_bio-4,0.084919,0.090328,0.087397,3.28x
polars_bio-8,0.056732,0.058437,0.057479,4.99x
