Library,Min (s),Max (s),Mean (s),Speedup
polars_bio,0.040527,0.042369,0.041453,1.00x
polars_bio-2,0.023309,0.023749,0.023531,1.76x
polars_bio-4,0.014821,0.015924,0.015503,2.67x
polars_bio-8,0.011605,0.012005,0.011848,3.50x
