Library,Min (s),Max (s),Mean (s),Speedup
polars_bio,1.537598,1.554399,1.545611,1.00x
polars_bio-2,0.807706,0.812964,0.810895,1.91x
polars_bio-4,0.450044,0.454313,0.451553,3.42x
polars_bio-8,0.266156,0.271747,0.268748,5.75x
