Library,Min (s),Max (s),Mean (s),Speedup
polars_bio,0.136684,0.137448,0.136983,1.00x
polars_bio-2,0.093428,0.094634,0.094167,1.45x
polars_bio-4,0.076253,0.081657,0.078061,1.75x
polars_bio-8,0.067740,0.068232,0.067959,2.02x
