Library,Min (s),Max (s),Mean (s),Speedup
polars_bio,0.023289,0.040629,0.029519,1.00x
polars_bio-2,0.021177,0.021402,0.021312,1.39x
polars_bio-4,0.016154,0.017398,0.016610,1.78x
polars_bio-8,0.015910,0.016523,0.016233,1.82x
