Library,Min (s),Max (s),Mean (s),Speedup
polars_bio,0.028853,0.029133,0.028995,1.00x
polars_bio-2,0.020854,0.022546,0.021609,1.34x
polars_bio-4,0.014811,0.017375,0.016069,1.80x
polars_bio-8,0.013910,0.014662,0.014354,2.02x
