Library,Min (s),Max (s),Mean (s),Speedup
polars_bio,0.143751,0.147068,0.145631,1.00x
polars_bio-2,0.097993,0.100982,0.099015,1.47x
polars_bio-4,0.072556,0.077312,0.074753,1.95x
polars_bio-8,0.062870,0.063928,0.063411,2.30x
