Library,Min (s),Max (s),Mean (s),Speedup
polars_bio,0.133795,0.140171,0.136266,1.00x
polars_bio-2,0.093830,0.098606,0.095936,1.42x
polars_bio-4,0.074864,0.080866,0.077602,1.76x
polars_bio-8,0.067688,0.069558,0.068388,1.99x
