Library,Min (s),Max (s),Mean (s),Speedup
polars_bio,1.195247,1.208533,1.203050,1.00x
polars_bio-2,0.631409,0.637118,0.634439,1.90x
polars_bio-4,0.357287,0.362251,0.359331,3.35x
polars_bio-8,0.217841,0.220619,0.219364,5.48x
