Library,Min (s),Max (s),Mean (s),Speedup
polars_bio,0.083235,0.085516,0.084365,1.00x
polars_bio-2,0.059638,0.060276,0.059893,1.41x
polars_bio-4,0.046834,0.047775,0.047206,1.79x
polars_bio-8,0.041133,0.043705,0.042780,1.97x
