Library,Min (s),Max (s),Mean (s),Speedup
polars_bio,0.030152,0.032226,0.030856,1.00x
polars_bio-2,0.022973,0.023904,0.023520,1.31x
polars_bio-4,0.016215,0.017093,0.016615,1.86x
polars_bio-8,0.014547,0.015873,0.015299,2.02x
