Library,Min (s),Max (s),Mean (s),Speedup
polars_bio,0.023163,0.024043,0.023579,1.00x
polars_bio-2,0.019942,0.020342,0.020132,1.17x
polars_bio-4,0.014802,0.015191,0.015047,1.57x
polars_bio-8,0.014657,0.015405,0.014979,1.57x
