Library,Min (s),Max (s),Mean (s),Speedup
polars_bio,0.137177,0.141194,0.139102,1.00x
polars_bio-2,0.090888,0.092855,0.091707,1.52x
polars_bio-4,0.065494,0.068698,0.067021,2.08x
polars_bio-8,0.055978,0.061668,0.058637,2.37x
