Library,Min (s),Max (s),Mean (s),Speedup
polars_bio,0.083663,0.087011,0.085092,1.00x
polars_bio-2,0.058451,0.062936,0.060454,1.41x
polars_bio-4,0.046464,0.048103,0.047042,1.81x
polars_bio-8,0.041820,0.044342,0.043027,1.98x
