Library,Min (s),Max (s),Mean (s),Speedup
polars_bio,0.290075,0.298847,0.293365,1.00x
polars_bio-2,0.149232,0.155788,0.152322,1.93x
polars_bio-4,0.084240,0.087412,0.085839,3.42x
polars_bio-8,0.053955,0.055785,0.054934,5.34x
