Library,Min (s),Max (s),Mean (s),Speedup
polars_bio,0.008237,0.009193,0.008661,1.00x
polars_bio-2,0.005525,0.006352,0.005845,1.48x
polars_bio-4,0.005125,0.005434,0.005307,1.63x
polars_bio-8,0.004955,0.005091,0.005013,1.73x
