Library,Min (s),Max (s),Mean (s),Speedup
polars_bio,0.012242,0.012731,0.012436,1.00x
polars_bio-2,0.008621,0.008828,0.008730,1.42x
polars_bio-4,0.006181,0.006623,0.006362,1.95x
polars_bio-8,0.006306,0.006568,0.006396,1.94x
