Library,Min (s),Max (s),Mean (s),Speedup
polars_bio,0.721979,0.811662,0.754244,1.00x
polars_bio-2,0.408714,0.412288,0.410204,1.84x
polars_bio-4,0.270350,0.293249,0.278412,2.71x
polars_bio-8,0.167127,0.176185,0.170358,4.43x
