Library,Min (s),Max (s),Mean (s),Speedup
polars_bio,0.030677,0.032915,0.031514,1.00x
polars_bio-2,0.018290,0.019577,0.019008,1.66x
polars_bio-4,0.015174,0.015563,0.015342,2.05x
polars_bio-8,0.012294,0.014889,0.013295,2.37x
