Library,Min (s),Max (s),Mean (s),Speedup
polars_bio,0.041792,0.043034,0.042375,1.00x
polars_bio-2,0.024073,0.025753,0.024871,1.70x
polars_bio-4,0.014872,0.015662,0.015309,2.77x
polars_bio-8,0.011890,0.012003,0.011951,3.55x
