Library,Min (s),Max (s),Mean (s),Speedup
polars_bio,0.042760,0.043779,0.043244,1.00x
polars_bio-2,0.024018,0.026276,0.024993,1.73x
polars_bio-4,0.014447,0.015282,0.014752,2.93x
polars_bio-8,0.011608,0.012227,0.011851,3.65x
