Library,Min (s),Max (s),Mean (s),Speedup
polars_bio,0.278225,0.288184,0.283814,1.00x
polars_bio-2,0.181874,0.186260,0.184526,1.54x
polars_bio-4,0.130153,0.135837,0.132222,2.15x
polars_bio-8,0.108354,0.117996,0.113008,2.51x
