Library,Min (s),Max (s),Mean (s),Speedup
polars_bio,2.515470,2.597332,2.553255,1.00x
polars_bio-2,1.321833,1.358195,1.338548,1.91x
polars_bio-4,0.744487,0.755494,0.748488,3.41x
polars_bio-8,0.434707,0.448649,0.442547,5.77x
