Library,Min (s),Max (s),Mean (s),Speedup
polars_bio,0.256428,0.257961,0.257238,1.00x
polars_bio-2,0.153083,0.158240,0.155711,1.65x
polars_bio-4,0.127594,0.129244,0.128626,2.00x
polars_bio-8,0.103802,0.120985,0.112026,2.30x
