Library,Min (s),Max (s),Mean (s),Speedup
polars_bio,0.039745,0.082908,0.055385,1.00x
polars_bio-2,0.039022,0.047559,0.041995,1.32x
polars_bio-4,0.023519,0.026606,0.025142,2.20x
polars_bio-8,0.024818,0.055597,0.038880,1.42x
