Library,Min (s),Max (s),Mean (s),Speedup
polars_bio,0.250891,0.255447,0.253043,1.00x
polars_bio-2,0.156157,0.158226,0.156859,1.61x
polars_bio-4,0.125600,0.130668,0.127851,1.98x
polars_bio-8,0.104015,0.112362,0.107605,2.35x
