Library,Min (s),Max (s),Mean (s),Speedup
polars_bio,0.046991,0.047807,0.047473,1.00x
polars_bio-2,0.033656,0.034745,0.034308,1.38x
polars_bio-4,0.023762,0.024021,0.023861,1.99x
polars_bio-8,0.020898,0.022113,0.021372,2.22x
