Library,Min (s),Max (s),Mean (s),Speedup
polars_bio,0.033547,0.034803,0.034215,1.00x
polars_bio-2,0.025051,0.027817,0.026308,1.30x
polars_bio-4,0.018619,0.019655,0.019055,1.80x
polars_bio-8,0.016465,0.018170,0.017336,1.97x
