Library,Min (s),Max (s),Mean (s),Speedup
polars_bio,0.186412,0.195183,0.191356,1.00x
polars_bio-2,0.123000,0.127130,0.125260,1.53x
polars_bio-4,0.097011,0.101501,0.099161,1.93x
polars_bio-8,0.087196,0.091247,0.088644,2.16x
