Library,Min (s),Max (s),Mean (s),Speedup
polars_bio,0.186968,0.193305,0.190951,1.00x
polars_bio-2,0.121535,0.126085,0.123309,1.55x
polars_bio-4,0.099412,0.114802,0.105439,1.81x
polars_bio-8,0.087980,0.091253,0.089253,2.14x
