Library,Min (s),Max (s),Mean (s),Speedup
polars_bio,0.186648,0.196726,0.191046,1.00x
polars_bio-2,0.124758,0.131604,0.128644,1.49x
polars_bio-4,0.092298,0.099377,0.095289,2.00x
polars_bio-8,0.072357,0.074632,0.073582,2.60x
