Library,Min (s),Max (s),Mean (s),Speedup
polars_bio,3.994338,4.091226,4.031588,1.00x
polars_bio-2,2.078297,2.130692,2.110397,1.91x
polars_bio-4,1.216756,1.409730,1.290975,3.12x
polars_bio-8,0.719601,0.778252,0.743121,5.43x
