Library,Min (s),Max (s),Mean (s),Speedup
polars_bio,0.027317,0.037670,0.032243,1.00x
polars_bio-2,0.025851,0.026930,0.026225,1.23x
polars_bio-4,0.019005,0.020337,0.019688,1.64x
polars_bio-8,0.018442,0.019168,0.018888,1.71x
