Library,Min (s),Max (s),Mean (s),Speedup
polars_bio,0.016663,0.020705,0.018348,1.00x
bioframe,0.351416,0.369311,0.357442,0.05x
pyranges1,0.043744,0.048012,0.046492,0.39x
polars_bio-2,0.011890,0.012753,0.012205,1.50x
polars_bio-4,0.009364,0.009603,0.009494,1.93x
polars_bio-8,0.008321,0.009172,0.008616,2.13x
