Library,Min (s),Max (s),Mean (s),Speedup
polars_bio,0.536895,0.540846,0.539511,1.00x
bioframe,1.616423,1.651135,1.638157,0.33x
pyranges1,0.216278,0.223578,0.219076,2.46x
polars_bio-2,0.123569,0.124582,0.123934,4.35x
polars_bio-4,0.071773,0.077227,0.074668,7.23x
polars_bio-8,0.042902,0.045876,0.044023,12.26x
