Library,Min (s),Max (s),Mean (s),Speedup
polars_bio,1.131128,1.156624,1.147902,1.00x
bioframe,24.376485,25.188113,24.897125,0.05x
pyranges1,4.905122,4.971782,4.941094,0.23x
polars_bio-2,0.362479,0.372267,0.365868,3.14x
polars_bio-4,0.229149,0.236763,0.233774,4.91x
polars_bio-8,0.173261,0.174970,0.174086,6.59x
