Library,Min (s),Max (s),Mean (s),Speedup
polars_bio,1.484255,1.490694,1.486658,1.00x
bioframe,34.820657,36.190611,35.415087,0.04x
pyranges1,5.654492,5.776625,5.700192,0.26x
polars_bio-2,0.792638,0.875896,0.821759,1.81x
polars_bio-4,0.689950,0.755096,0.715047,2.08x
polars_bio-8,0.593112,0.610157,0.603930,2.46x
