Library,Min (s),Max (s),Mean (s),Speedup
polars_bio,0.020223,0.022167,0.021250,1.00x
bioframe,0.394120,0.426127,0.408333,0.05x
pyranges1,0.046314,0.047551,0.046729,0.45x
polars_bio-2,0.014197,0.014600,0.014338,1.48x
polars_bio-4,0.010694,0.011134,0.010952,1.94x
polars_bio-8,0.009921,0.010438,0.010139,2.10x
