Library,Min (s),Max (s),Mean (s),Speedup
polars_bio,0.539487,0.561604,0.546992,1.00x
bioframe,1.573262,1.651057,1.610853,0.34x
pyranges1,0.212141,0.214474,0.213409,2.56x
polars_bio-2,0.124080,0.128284,0.125630,4.35x
polars_bio-4,0.074100,0.075652,0.075016,7.29x
polars_bio-8,0.042212,0.044846,0.043283,12.64x
