Library,Min (s),Max (s),Mean (s),Speedup
polars_bio,0.120467,0.124973,0.123259,1.00x
bioframe,2.131836,2.459158,2.242879,0.05x
pyranges1,0.359012,0.379340,0.368659,0.33x
polars_bio-2,0.054229,0.059215,0.056735,2.17x
polars_bio-4,0.046272,0.049821,0.047485,2.60x
polars_bio-8,0.039773,0.041074,0.040374,3.05x
