Library,Min (s),Max (s),Mean (s),Speedup
polars_bio,1.535449,1.562630,1.547632,1.00x
polars_bio-2,0.798849,0.805491,0.801319,1.93x
polars_bio-4,0.439225,0.458996,0.450230,3.44x
polars_bio-6,0.320933,0.337937,0.331990,4.66x
polars_bio-8,0.276917,0.457481,0.339130,4.56x
