Library,Min (s),Max (s),Mean (s),Speedup
polars_bio,1.547673,1.557833,1.552131,1.00x
polars_bio-2,0.793873,0.803828,0.798642,1.94x
polars_bio-4,0.453521,0.460848,0.457059,3.40x
polars_bio-6,0.334935,0.341904,0.338485,4.59x
polars_bio-8,0.280059,0.280591,0.280255,5.54x
