Library,Min (s),Max (s),Mean (s),Speedup
polars_bio,1.181806,1.185549,1.183889,1.00x
polars_bio-2,0.644288,0.645076,0.644587,1.84x
polars_bio-4,0.362752,0.363411,0.363036,3.26x
polars_bio-6,0.258583,0.272702,0.264111,4.48x
polars_bio-8,0.222888,0.234884,0.229052,5.17x
