Library,Min (s),Max (s),Mean (s),Speedup
polars_bio,1.184437,1.193681,1.190128,1.00x
polars_bio-2,0.626552,0.631670,0.629656,1.89x
polars_bio-4,0.360965,0.366674,0.364691,3.26x
polars_bio-6,0.258221,0.278457,0.270340,4.40x
polars_bio-8,0.219943,0.230581,0.226905,5.25x
