Library,Min (s),Max (s),Mean (s),Speedup
polars_bio,1.206831,1.219476,1.213735,1.00x
polars_bio-2,0.637306,0.644183,0.640547,1.89x
polars_bio-4,0.368383,0.371543,0.369612,3.28x
polars_bio-6,0.275598,0.281646,0.277798,4.37x
polars_bio-8,0.221916,0.235038,0.229151,5.30x
