Library,Min (s),Max (s),Mean (s),Speedup
polars_bio,2.352758,2.503053,2.415894,1.00x
polars_bio-2,1.208868,1.297379,1.247201,1.94x
polars_bio-4,0.739411,0.760896,0.748205,3.23x
polars_bio-6,0.659575,0.670452,0.664539,3.64x
polars_bio-8,0.461611,0.478764,0.467581,5.17x
