Library,Min (s),Max (s),Mean (s),Speedup
polars_bio,2.341672,2.486488,2.393080,1.00x
polars_bio-2,1.229150,1.258844,1.243750,1.92x
polars_bio-4,0.732996,0.744632,0.739464,3.24x
polars_bio-6,0.655340,0.673741,0.664448,3.60x
polars_bio-8,0.462252,0.480818,0.471103,5.08x
