Library,Min (s),Max (s),Mean (s),Speedup
polars_bio,3.669992,4.567576,4.142872,1.00x
polars_bio-2,1.872993,1.986568,1.927047,2.15x
polars_bio-4,1.156394,1.182449,1.168503,3.55x
polars_bio-6,0.981693,1.002629,0.995204,4.16x
polars_bio-8,0.702201,0.749915,0.723033,5.73x
