Library,Min (s),Max (s),Mean (s),Speedup
polars_bio,3.631019,4.222567,3.836674,1.00x
polars_bio-2,1.866739,1.947024,1.901366,2.02x
polars_bio-4,1.160112,1.171989,1.164340,3.30x
polars_bio-6,0.983742,0.994754,0.988346,3.88x
polars_bio-8,0.704727,0.722828,0.712285,5.39x
