Library,Min (s),Max (s),Mean (s),Speedup
polars_bio,1.502551,1.534006,1.515078,1.00x
polars_bio-2,0.811236,0.821365,0.815682,1.86x
polars_bio-4,0.440628,0.467780,0.455358,3.33x
polars_bio-6,0.331317,0.338207,0.334638,4.53x
polars_bio-8,0.280465,0.282707,0.281311,5.39x
