Library,Min (s),Max (s),Mean (s),Speedup
polars_bio,2.186354,2.248171,2.220822,1.00x
polars_bio-2,1.162969,1.222115,1.187505,1.87x
polars_bio-4,0.708508,0.735763,0.720115,3.08x
polars_bio-6,0.632877,0.652955,0.642816,3.45x
polars_bio-8,0.456674,0.476473,0.465284,4.77x
