Library,Min (s),Max (s),Mean (s),Speedup
polars_bio,0.427537,0.451573,0.439034,11.04x
bioframe,4.840450,4.856973,4.848343,1.00x
pyranges0,1.374381,1.405395,1.389335,3.49x
pyranges1,1.652623,1.677752,1.666155,2.91x
