Library,Min (s),Max (s),Mean (s),Speedup
polars_bio,0.318215,0.342763,0.327211,6.77x
bioframe,2.198440,2.237963,2.215138,1.00x
pyranges0,1.975929,1.998494,1.988232,1.11x
pyranges1,2.563423,2.591477,2.573725,0.86x
