Library,Min (s),Max (s),Mean (s),Speedup
polars_bio,0.628910,0.655640,0.640410,7.98x
bioframe,5.068074,5.143965,5.111692,1.00x
pyranges0,2.297628,2.310567,2.304204,2.22x
pyranges1,2.566607,2.599793,2.586594,1.98x
