Library,Min (s),Max (s),Mean (s),Speedup
polars_bio,0.496887,0.510879,0.502348,6.08x
bioframe,3.037403,3.067677,3.055739,1.00x
pyranges0,1.473642,1.569428,1.514794,2.02x
pyranges1,2.129851,2.146009,2.137114,1.43x
