Library,Min (s),Max (s),Mean (s),Speedup
polars_bio,0.031656,0.033768,0.032653,5.22x
bioframe,0.169066,0.172234,0.170548,1.00x
pyranges0,0.052432,0.054305,0.053206,3.21x
pyranges1,0.073621,0.076402,0.074569,2.29x
