Library,Min (s),Max (s),Mean (s),Speedup
polars_bio,0.031073,0.031845,0.031428,7.44x
bioframe,0.232759,0.234180,0.233694,1.00x
pyranges0,0.087959,0.089348,0.088491,2.64x
pyranges1,0.146238,0.147158,0.146641,1.59x
