Library,Min (s),Max (s),Mean (s),Speedup
polars_bio,0.055351,0.055933,0.055730,4.71x
bioframe,0.261972,0.262619,0.262363,1.00x
pyranges0,0.123189,0.128582,0.125217,2.10x
pyranges1,0.184380,0.187741,0.186173,1.41x
