Library,Min (s),Max (s),Mean (s),Speedup
polars_bio,0.038809,0.039589,0.039259,2.59x
bioframe,0.100571,0.103181,0.101621,1.00x
pyranges0,0.027579,0.034459,0.029934,3.39x
pyranges1,0.064219,0.065454,0.064807,1.57x
