Library,Min (s),Max (s),Mean (s),Speedup,Peak memory (MB)
polars_bio,1.806838,1.845584,1.825940,54.33x,729.078
polars_bio_streaming,1.681187,1.767811,1.714943,57.85x,416.094
bioframe,97.918020,101.736351,99.210461,1.00x,23029.219
pyranges1,19.498264,19.676838,19.561322,5.07x,5270.234
