Library,Min (s),Max (s),Mean (s),Speedup,Peak memory (MB)
polars_bio,5.025462,5.234103,5.129963,20.79x,1036.734
polars_bio_streaming,4.956087,5.076052,5.014242,21.27x,968.719
bioframe,105.322287,107.758078,106.641580,1.00x,12803.828
pyranges1,22.079391,23.069931,22.618209,4.71x,10039.297
