Library,Min (s),Max (s),Mean (s),Speedup
polars_bio,0.178957,0.186667,0.182262,6.10x
bioframe,1.092366,1.140041,1.110999,1.00x
polars_bio-2,0.129232,0.130804,0.129813,8.56x
polars_bio-4,0.105521,0.107060,0.106479,10.43x
polars_bio-6,0.096567,0.098183,0.097192,11.43x
polars_bio-8,0.093857,0.101054,0.096659,11.49x
