Library,Min (s),Max (s),Mean (s),Speedup
polars_bio,0.102725,0.108925,0.105110,7.68x
bioframe,0.794425,0.821437,0.807679,1.00x
polars_bio-2,0.078663,0.079747,0.079188,10.20x
polars_bio-4,0.069707,0.070845,0.070228,11.50x
polars_bio-6,0.068059,0.069042,0.068527,11.79x
polars_bio-8,0.068921,0.069169,0.069009,11.70x
