Library,Min (s),Max (s),Mean (s),Speedup
polars_bio,0.223861,0.233974,0.228300,6.70x
bioframe,1.525294,1.533267,1.528898,1.00x
polars_bio-2,0.161143,0.169734,0.164567,9.29x
polars_bio-4,0.119275,0.119656,0.119451,12.80x
polars_bio-6,0.108340,0.113651,0.110964,13.78x
polars_bio-8,0.103965,0.109970,0.106162,14.40x
