Library,Min (s),Max (s),Mean (s),Speedup
polars_bio,0.222920,0.236518,0.229305,3.93x
bioframe,0.892995,0.912749,0.901830,1.00x
polars_bio-2,0.155961,0.164331,0.160266,5.63x
polars_bio-4,0.116748,0.118540,0.117716,7.66x
polars_bio-6,0.104540,0.108159,0.105890,8.52x
polars_bio-8,0.102242,0.103725,0.102955,8.76x
