Library,Min (s),Max (s),Mean (s),Speedup
polars_bio,0.083860,0.091154,0.086549,5.42x
bioframe,0.466997,0.470433,0.468771,1.00x
pyranges0,0.126368,0.126824,0.126604,3.70x
pyranges1,0.199263,0.201431,0.200387,2.34x
