Library,Min (s),Max (s),Mean (s),Speedup
polars_bio,0.076761,0.083173,0.078997,7.55x
bioframe,0.584927,0.611547,0.596156,1.00x
pyranges0,0.202296,0.204020,0.203176,2.93x
pyranges1,0.358200,0.360284,0.359588,1.66x
