Library,Min (s),Max (s),Mean (s),Speedup
polars_bio,0.159592,0.164576,0.162161,5.20x
bioframe,0.840674,0.846028,0.842667,1.00x
pyranges0,0.297698,0.315876,0.309684,2.72x
pyranges1,0.473528,0.475820,0.474546,1.78x
