Library,Min (s),Max (s),Mean (s),Speedup
polars_bio,0.091994,0.096443,0.093485,3.13x
bioframe,0.291800,0.295075,0.293052,1.00x
pyranges0,0.067671,0.081863,0.072405,4.05x
pyranges1,0.154864,0.157311,0.155739,1.88x
