Library,Min (s),Max (s),Mean (s),Speedup
polars_bio,0.082492,0.088365,0.084745,5.55x
bioframe,0.467938,0.473689,0.470301,1.00x
pyranges0,0.233782,0.238245,0.235756,1.99x
pyranges1,0.297135,0.300708,0.298524,1.58x
