Library,Min (s),Max (s),Mean (s),Speedup
polars_bio,0.060907,0.070153,0.064580,5.73x
bioframe,0.368238,0.370940,0.370038,1.00x
pyranges0,0.296225,0.297517,0.296718,1.25x
pyranges1,0.425375,0.427680,0.426350,0.87x
