Library,Min (s),Max (s),Mean (s),Speedup
polars_bio,0.086818,0.095814,0.090543,7.00x
bioframe,0.626431,0.637584,0.633585,1.00x
pyranges0,0.475658,0.479282,0.476945,1.33x
pyranges1,0.558874,0.567517,0.562585,1.13x
