Library,Min (s),Max (s),Mean (s),Speedup
polars_bio,0.081433,0.089340,0.084954,5.27x
bioframe,0.437186,0.458809,0.447334,1.00x
pyranges0,0.213643,0.236512,0.221405,2.02x
pyranges1,0.314519,0.317529,0.315890,1.42x
