Library,Min (s),Max (s),Mean (s),Speedup
polars_bio,1.610720,1.643197,1.628384,7.81x
bioframe,12.689718,12.770539,12.719896,1.00x
polars_bio-2,1.708728,1.730812,1.722229,7.39x
polars_bio-4,1.648685,1.655282,1.652883,7.70x
polars_bio-6,1.641450,1.666728,1.657326,7.67x
polars_bio-8,1.631543,1.663744,1.648173,7.72x
