Library,Min (s),Max (s),Mean (s),Speedup
polars_bio,1.230744,1.261585,1.243133,6.68x
bioframe,8.224317,8.419421,8.299744,1.00x
polars_bio-2,1.135915,1.150521,1.143819,7.26x
polars_bio-4,1.057860,1.076450,1.068053,7.77x
polars_bio-6,1.118533,1.142538,1.127638,7.36x
polars_bio-8,1.110154,1.117864,1.114934,7.44x
