Library,Min (s),Max (s),Mean (s),Speedup
polars_bio,1.707969,1.792340,1.748533,8.53x
bioframe,14.871445,14.990094,14.913871,1.00x
polars_bio-2,1.719520,1.812529,1.765502,8.45x
polars_bio-4,1.717208,1.841694,1.790067,8.33x
polars_bio-6,1.968736,2.010538,1.985020,7.51x
polars_bio-8,1.971870,2.016203,1.991600,7.49x
