Library,Min (s),Max (s),Mean (s),Speedup
polars_bio,1.619210,1.723692,1.661405,7.19x
bioframe,11.884577,12.041866,11.949233,1.00x
polars_bio-2,1.678337,1.718154,1.692818,7.06x
polars_bio-4,1.672691,1.697205,1.684230,7.09x
polars_bio-6,1.678749,1.727058,1.696684,7.04x
polars_bio-8,1.704247,1.715075,1.708146,7.00x
