Library,Min (s),Max (s),Mean (s),Speedup
polars_bio,0.062646,0.064266,0.063544,4.25x
bioframe,0.269042,0.271258,0.270377,1.00x
pyranges0,0.100717,0.104764,0.103093,2.62x
pyranges1,0.145731,0.146618,0.146283,1.85x
