Library,Min (s),Max (s),Mean (s),Speedup
polars_bio,0.056882,0.057807,0.057354,5.12x
bioframe,0.292684,0.294758,0.293467,1.00x
pyranges0,0.181893,0.184195,0.182706,1.61x
pyranges1,0.288553,0.292275,0.289912,1.01x
