Library,Min (s),Max (s),Mean (s),Speedup
polars_bio,0.101044,0.103059,0.101824,3.76x
bioframe,0.379990,0.387738,0.382583,1.00x
pyranges0,0.216288,0.227571,0.220978,1.73x
pyranges1,0.286453,0.291753,0.288495,1.33x
