Library,Min (s),Max (s),Mean (s),Speedup
polars_bio,0.065495,0.067980,0.066569,3.48x
bioframe,0.230437,0.232512,0.231579,1.00x
pyranges0,0.088289,0.104908,0.093918,2.47x
pyranges1,0.153784,0.157188,0.155243,1.49x
