Library,Min (s),Max (s),Mean (s),Speedup
polars_bio,3.784854,3.863845,3.811755,6.48x
bioframe,24.579175,24.867924,24.697830,1.00x
polars_bio-2,4.153394,4.315915,4.215734,5.86x
polars_bio-4,4.038997,4.075606,4.051817,6.10x
polars_bio-6,4.063288,4.107720,4.078406,6.06x
polars_bio-8,4.159089,4.185256,4.175858,5.91x
