Library,Min (s),Max (s),Mean (s),Speedup
polars_bio,2.913816,2.927949,2.919999,6.90x
bioframe,19.972049,20.378844,20.137125,1.00x
polars_bio-2,2.755501,2.887196,2.800273,7.19x
polars_bio-4,2.713604,2.723091,2.716868,7.41x
polars_bio-6,2.756530,2.786726,2.773888,7.26x
polars_bio-8,2.794527,2.877817,2.834475,7.10x
