Library,Min (s),Max (s),Mean (s),Speedup
polars_bio,3.450217,3.808257,3.572580,8.52x
bioframe,30.375235,30.553938,30.435054,1.00x
polars_bio-2,3.966590,4.093082,4.015411,7.58x
polars_bio-4,3.979987,4.360078,4.215323,7.22x
polars_bio-6,4.377531,4.698594,4.575719,6.65x
polars_bio-8,4.721828,4.861262,4.794759,6.35x
