Library,Min (s),Max (s),Mean (s),Speedup
polars_bio,3.387406,3.710501,3.502567,7.00x
bioframe,24.435003,24.674216,24.518940,1.00x
polars_bio-2,3.788686,3.989473,3.863675,6.35x
polars_bio-4,3.688350,3.905491,3.820044,6.42x
polars_bio-6,3.749991,3.972072,3.892838,6.30x
polars_bio-8,4.011937,4.037696,4.028616,6.09x
