Library,Min (s),Max (s),Mean (s),Speedup
polars_bio,0.004501,0.006026,0.005414,1.01x
bioframe,0.005164,0.005865,0.005446,1.00x
pyranges1,0.005667,0.006041,0.005887,0.93x
pybedtools,0.014260,0.014637,0.014416,0.38x
genomicranges,0.032215,0.032398,0.032288,0.17x
