Library,Min (s),Max (s),Mean (s),Speedup
polars_bio,0.004343,0.007692,0.005481,0.98x
bioframe,0.005139,0.005735,0.005359,1.00x
pyranges1,0.005589,0.005976,0.005719,0.94x
pybedtools,0.014360,0.014635,0.014456,0.37x
genomicranges,0.032931,0.033070,0.033016,0.16x
