Library,Min (s),Max (s),Mean (s),Speedup
polars_bio,0.004232,0.005430,0.004716,2.20x
bioframe,0.010003,0.010936,0.010370,1.00x
pyranges1,0.011869,0.012408,0.012071,0.86x
pybedtools,0.015081,0.015398,0.015223,0.68x
