Library,Min (s),Max (s),Mean (s),Speedup
polars_bio,0.004259,0.005305,0.004947,2.08x
bioframe,0.009969,0.010782,0.010297,1.00x
pyranges1,0.011982,0.012304,0.012103,0.85x
pybedtools,0.014775,0.015246,0.014956,0.69x
