Library,Min (s),Max (s),Mean (s),Speedup
polars_bio,0.005791,0.006665,0.006123,1.01x
bioframe,0.005982,0.006628,0.006210,1.00x
pyranges0,0.006279,0.006752,0.006447,0.96x
pyranges1,0.009039,0.009504,0.009217,0.67x
pybedtools,0.007826,0.007978,0.007917,0.78x
