Library,Min (s),Max (s),Mean (s),Speedup
polars_bio,0.005234,0.008876,0.006523,0.77x
bioframe,0.004581,0.005864,0.005016,1.00x
pyranges0,0.003191,0.003455,0.003296,1.52x
pyranges1,0.008031,0.008103,0.008074,0.62x
pybedtools,0.053782,0.054005,0.053929,0.09x
genomicranges,0.032026,0.032674,0.032265,0.16x
pygenomics,0.010626,0.011420,0.010918,0.46x
