Library,Min (s),Max (s),Mean (s),Speedup
polars_bio,0.079118,0.085752,0.081492,4.66x
bioframe,0.378334,0.381537,0.379773,1.00x
pyranges0,0.131403,0.134689,0.132528,2.87x
pyranges1,0.174528,0.178477,0.175982,2.16x
