Library,Min (s),Max (s),Mean (s),Speedup
polars_bio,0.068901,0.077892,0.072863,5.32x
bioframe,0.382660,0.390643,0.387388,1.00x
pyranges0,0.210593,0.211367,0.211104,1.84x
pyranges1,0.332542,0.337712,0.334630,1.16x
