Library,Min (s),Max (s),Mean (s),Speedup
polars_bio,0.129283,0.135637,0.131470,4.15x
bioframe,0.542270,0.549966,0.545912,1.00x
pyranges0,0.255892,0.264801,0.259379,2.10x
pyranges1,0.342953,0.343437,0.343198,1.59x
