Library,Min (s),Max (s),Mean (s),Speedup
polars_bio,0.087422,0.093395,0.089799,3.30x
bioframe,0.294599,0.298636,0.296301,1.00x
pyranges0,0.097331,0.113226,0.102717,2.88x
pyranges1,0.184571,0.185531,0.184924,1.60x
