Library,Min (s),Max (s),Mean (s),Speedup
polars_bio,0.030130,0.036718,0.033390,10.61x
bioframe,0.352786,0.356839,0.354241,1.00x
pyranges0,0.032403,0.034701,0.033667,10.52x
pyranges1,0.044958,0.046169,0.045629,7.76x
pybedtools,0.369122,0.379131,0.372900,0.95x
