Library,Min (s),Max (s),Mean (s),Speedup
polars_bio,0.439544,0.488414,0.458975,14.86x
bioframe,6.592501,7.111734,6.818208,1.00x
pyranges0,0.398173,0.413055,0.406623,16.77x
pyranges1,0.516490,0.520946,0.518407,13.15x
