Library,Min (s),Max (s),Mean (s),Speedup
polars_bio,0.482548,0.538737,0.507383,2.55x
bioframe,1.260820,1.350310,1.296195,1.00x
pyranges0,0.775969,0.828801,0.810501,1.60x
pyranges1,1.272326,1.297060,1.285850,1.01x
