Library,Min (s),Max (s),Mean (s),Speedup
polars_bio,3.987391,4.648581,4.235518,7.17x
bioframe,29.793837,30.991576,30.375518,1.00x
pyranges0,15.632212,15.974075,15.857213,1.92x
pyranges1,31.622804,33.699074,32.680701,0.93x
pybedtools,916.711575,919.974811,918.154834,0.03x
genomicranges,479.214112,487.832054,484.579554,0.06x
