Library,Min (s),Max (s),Mean (s),Speedup
polars_bio,0.166549,0.168415,0.167376,8.77x
bioframe,1.462591,1.475043,1.467772,1.00x
polars_bio-2,0.103482,0.113466,0.107273,13.68x
polars_bio-4,0.079095,0.085681,0.083038,17.68x
polars_bio-6,0.074733,0.077018,0.076028,19.31x
polars_bio-8,0.071669,0.073759,0.072902,20.13x
