Library,Min (s),Max (s),Mean (s),Speedup
polars_bio,0.145817,0.152048,0.148167,8.80x
bioframe,1.271830,1.362259,1.304477,1.00x
polars_bio-2,0.096716,0.098589,0.097596,13.37x
polars_bio-4,0.074317,0.079932,0.076921,16.96x
polars_bio-6,0.071468,0.082064,0.076113,17.14x
polars_bio-8,0.067118,0.073596,0.069917,18.66x
