Library,Min (s),Max (s),Mean (s),Speedup
polars_bio,0.298162,0.308739,0.302424,6.55x
bioframe,1.971391,1.993536,1.981470,1.00x
polars_bio-2,0.197859,0.201150,0.199604,9.93x
polars_bio-4,0.135690,0.142057,0.139244,14.23x
polars_bio-6,0.124101,0.125454,0.124864,15.87x
polars_bio-8,0.116076,0.117114,0.116526,17.00x
