Library,Min (s),Max (s),Mean (s),Speedup
polars_bio,0.219943,0.222820,0.220942,4.27x
bioframe,0.937375,0.950022,0.943773,1.00x
polars_bio-2,0.147865,0.150469,0.149596,6.31x
polars_bio-4,0.101211,0.102423,0.101864,9.27x
polars_bio-6,0.089279,0.091305,0.090423,10.44x
polars_bio-8,0.082722,0.089260,0.086540,10.91x
