Library,Min (s),Max (s),Mean (s),Speedup
polars_bio,2.426441,2.456318,2.439266,1.00x
polars_bio-2,1.225160,1.272066,1.245401,1.96x
polars_bio-4,0.711421,0.744023,0.724315,3.37x
polars_bio-6,0.563797,0.607321,0.580574,4.20x
polars_bio-8,0.459308,0.493886,0.479126,5.09x
