Library,Min (s),Max (s),Mean (s),Speedup
polars_bio,2.212958,2.230350,2.222531,1.00x
polars_bio-2,1.132056,1.154050,1.146413,1.94x
polars_bio-4,0.645737,0.661564,0.652277,3.41x
polars_bio-6,0.505890,0.511256,0.508390,4.37x
polars_bio-8,0.439503,0.450924,0.447075,4.97x
