Library,Min (s),Max (s),Mean (s),Speedup
polars_bio,4.047329,4.439016,4.198198,1.00x
polars_bio-2,2.624132,2.722843,2.682361,1.57x
polars_bio-4,1.809028,1.917798,1.871763,2.24x
polars_bio-6,1.309557,1.362131,1.333989,3.15x
polars_bio-8,1.066945,1.113168,1.087907,3.86x
