Library,Min (s),Max (s),Mean (s),Speedup
polars_bio,6.325617,8.185275,7.005925,1.00x
polars_bio-2,3.920645,4.617084,4.198055,1.67x
polars_bio-4,3.036273,3.060781,3.045200,2.30x
polars_bio-6,2.127994,2.134505,2.131016,3.29x
polars_bio-8,1.731485,1.789347,1.752986,4.00x
