Library,Min (s),Max (s),Mean (s),Speedup
polars_bio,1.452924,1.492852,1.467852,22.51x
bioframe,32.930610,33.145040,33.048237,1.00x
pyranges0,4.494972,4.538871,4.522506,7.31x
pyranges1,5.144660,5.249292,5.202713,6.35x
