Library,Min (s),Max (s),Mean (s),Speedup
polars_bio,0.811935,0.936992,0.865558,9.95x
bioframe,8.524985,8.725237,8.613216,1.00x
pyranges0,4.978006,4.979545,4.978540,1.73x
pyranges1,6.200639,6.238210,6.218889,1.39x
