Library,Min (s),Max (s),Mean (s),Speedup
polars_bio,2.638352,2.788306,2.700330,9.72x
bioframe,26.125372,26.379208,26.256671,1.00x
pyranges0,1.748216,1.828269,1.775609,14.79x
pyranges1,3.191841,3.229234,3.209455,8.18x
