Library,Min (s),Max (s),Mean (s),Speedup
polars_bio,2.490659,3.085201,2.720653,4.13x
bioframe,11.092942,11.449353,11.225929,1.00x
pyranges0,5.548835,5.769845,5.667185,1.98x
pyranges1,11.062620,11.132741,11.088226,1.01x
