Library,Min (s),Max (s),Mean (s),Speedup
polars_bio,2.974591,3.129027,3.027718,6.91x
bioframe,20.782857,21.067481,20.919551,1.00x
pyranges0,4.875242,4.990860,4.927316,4.25x
pyranges1,6.658415,6.820841,6.716298,3.11x
