Library,Min (s),Max (s),Mean (s),Speedup
polars_bio,2.474589,2.664749,2.549977,9.85x
bioframe,25.060252,25.181617,25.112002,1.00x
pyranges0,6.794566,7.052939,6.896451,3.64x
pyranges1,10.569676,10.714331,10.663115,2.36x
