Library,Min (s),Max (s),Mean (s),Speedup
polars_bio,5.018963,5.405667,5.159022,6.43x
bioframe,33.057219,33.283466,33.185909,1.00x
pyranges0,15.870010,16.896837,16.232064,2.04x
pyranges1,22.816944,23.083599,22.929489,1.45x
