Library,Min (s),Max (s),Mean (s),Speedup
polars_bio,3.232234,3.342587,3.283101,3.61x
bioframe,11.807866,11.944942,11.859332,1.00x
pyranges0,2.149095,2.962217,2.426241,4.89x
pyranges1,5.302318,5.391348,5.344665,2.22x
