Library,Min (s),Max (s),Mean (s),Speedup
polars_bio,0.599135,0.635691,0.611954,57.05x
bioframe,34.734964,35.067141,34.913858,1.00x
pyranges0,3.593723,3.641890,3.620519,9.64x
pyranges1,3.898965,3.920150,3.911748,8.93x
