Library,Min (s),Max (s),Mean (s),Speedup
polars_bio,0.134922,0.139258,0.136663,8.85x
bioframe,1.179305,1.271072,1.209944,1.00x
pyranges0,26.776126,28.429766,27.513659,0.04x
pyranges1,26.616517,26.763750,26.687075,0.05x
