Library,Min (s),Max (s),Mean (s),Speedup
polars_bio,0.959565,1.017306,0.979020,23.82x
bioframe,23.164109,23.600506,23.325024,1.00x
pyranges0,2.743157,2.754131,2.749440,8.48x
pyranges1,3.110530,3.137582,3.126897,7.46x
