Library,Min (s),Max (s),Mean (s),Speedup
polars_bio,1.375737,1.954687,1.582380,7.23x
bioframe,11.354271,11.553890,11.435769,1.00x
pyranges0,6.412966,6.527946,6.458521,1.77x
pyranges1,11.226651,11.466383,11.353002,1.01x
