Library,Min (s),Max (s),Mean (s),Speedup
polars_bio,0.097879,0.119281,0.105919,7.90x
bioframe,0.830815,0.844694,0.836444,1.00x
pyranges0,0.340924,0.347411,0.343539,2.43x
pyranges1,0.390456,0.405657,0.397331,2.11x
