Library,Min (s),Max (s),Mean (s),Speedup
polars_bio,0.068783,0.071337,0.069762,6.63x
bioframe,0.460063,0.464570,0.462859,1.00x
pyranges0,0.408624,0.411188,0.410261,1.13x
pyranges1,0.549487,0.586788,0.568549,0.81x
