Library,Min (s),Max (s),Mean (s),Speedup
polars_bio,0.116653,0.123563,0.119627,7.96x
bioframe,0.929956,0.969509,0.951841,1.00x
pyranges0,0.482174,0.503374,0.490538,1.94x
pyranges1,0.587255,0.591904,0.589893,1.61x
