Library,Min (s),Max (s),Mean (s),Speedup
polars_bio,0.128855,0.338951,0.203348,3.37x
bioframe,0.679385,0.697892,0.685639,1.00x
pyranges0,0.330337,0.361576,0.341795,2.01x
pyranges1,0.536370,0.540087,0.538102,1.27x
