Library,Min (s),Max (s),Mean (s),Speedup
polars_bio,0.128861,0.135254,0.131139,6.44x
bioframe,0.827194,0.853911,0.844221,1.00x
pyranges0,0.179700,0.180157,0.179994,4.69x
pyranges1,0.262848,0.272069,0.266242,3.17x
