Library,Min (s),Max (s),Mean (s),Speedup
polars_bio,0.121813,0.131393,0.125261,9.02x
bioframe,1.098585,1.179140,1.129451,1.00x
pyranges0,0.271392,0.275952,0.273400,4.13x
pyranges1,0.462324,0.471837,0.466957,2.42x
