Library,Min (s),Max (s),Mean (s),Speedup
polars_bio,0.227296,0.230404,0.229085,6.09x
bioframe,1.386741,1.407712,1.396159,1.00x
pyranges0,0.631268,0.666834,0.643679,2.17x
pyranges1,0.940652,0.948366,0.944388,1.48x
