Library,Min (s),Max (s),Mean (s),Speedup
polars_bio,0.139639,0.150428,0.143729,3.44x
bioframe,0.493546,0.494153,0.493948,1.00x
pyranges0,0.082751,0.107867,0.091174,5.42x
pyranges1,0.218631,0.222521,0.220740,2.24x
