Library,Min (s),Max (s),Mean (s),Speedup
polars_bio,0.031246,0.031453,0.031380,5.32x
bioframe,0.165794,0.167980,0.167028,1.00x
polars_bio-2,0.019848,0.020915,0.020531,8.14x
polars_bio-4,0.015647,0.015983,0.015831,10.55x
polars_bio-6,0.015004,0.015307,0.015138,11.03x
polars_bio-8,0.015115,0.015549,0.015341,10.89x
