Library,Min (s),Max (s),Mean (s),Speedup
polars_bio,0.030828,0.031489,0.031081,7.78x
bioframe,0.240743,0.242539,0.241875,1.00x
polars_bio-2,0.020668,0.021856,0.021130,11.45x
polars_bio-4,0.015829,0.016459,0.016211,14.92x
polars_bio-6,0.014737,0.015611,0.015252,15.86x
polars_bio-8,0.015023,0.016167,0.015685,15.42x
