Library,Min (s),Max (s),Mean (s),Speedup
polars_bio,0.057841,0.060764,0.059213,4.93x
bioframe,0.289487,0.295634,0.291646,1.00x
polars_bio-2,0.043065,0.044245,0.043735,6.67x
polars_bio-4,0.023519,0.025172,0.024159,12.07x
polars_bio-6,0.019865,0.021079,0.020460,14.25x
polars_bio-8,0.018463,0.018892,0.018693,15.60x
