Library,Min (s),Max (s),Mean (s),Speedup
polars_bio,0.038965,0.039807,0.039519,2.63x
bioframe,0.102789,0.105568,0.103824,1.00x
polars_bio-2,0.027950,0.030407,0.029026,3.58x
polars_bio-4,0.017735,0.018558,0.018207,5.70x
polars_bio-6,0.015994,0.017350,0.016709,6.21x
polars_bio-8,0.015505,0.016691,0.015962,6.50x
