Library,Min (s),Max (s),Mean (s),Speedup
polars_bio,0.501775,0.530884,0.514401,8.01x
bioframe,4.117035,4.131015,4.121744,1.00x
pyranges0,1.392722,1.400949,1.397393,2.95x
pyranges1,1.583204,1.678121,1.631619,2.53x
