Library,Min (s),Max (s),Mean (s),Speedup
polars_bio,0.247626,0.266565,0.256522,4.86x
bioframe,1.243608,1.250394,1.246153,1.00x
pyranges0,1.575244,1.636082,1.611339,0.77x
pyranges1,1.916323,2.005555,1.949487,0.64x
