Library,Min (s),Max (s),Mean (s),Speedup
polars_bio,0.771199,0.783292,0.777746,6.96x
bioframe,5.394265,5.434618,5.411728,1.00x
pyranges0,0.874484,0.932857,0.901145,6.01x
pyranges1,1.127032,1.149141,1.140538,4.74x
