Library,Min (s),Max (s),Mean (s),Speedup
polars_bio,0.947673,1.109150,1.003667,2.49x
bioframe,2.490142,2.513556,2.499533,1.00x
pyranges0,2.119717,2.178453,2.148959,1.16x
pyranges1,3.274957,3.298976,3.288601,0.76x
