Library,Min (s),Max (s),Mean (s),Speedup,Peak memory (MB)
polars_bio,0.042378,0.130957,0.071929,3.10x,285.468
polars_bio_streaming,0.035498,0.037438,0.036653,6.09x,274.093
bioframe,0.208548,0.251457,0.223219,1.00x,300.750
pyranges0,0.409707,0.415361,0.412135,0.54x,329.968
pyranges1,0.475180,0.491508,0.482739,0.46x,324.468
