Library,Min (s),Max (s),Mean (s),Speedup,Peak memory (MB)
polars_bio,0.009118,0.077181,0.032054,1.55x,248.594
polars_bio_streaming,0.003382,0.004769,0.003853,12.92x,247.562
bioframe,0.030154,0.088667,0.049769,1.00x,231.641
pyranges0,0.045764,0.051035,0.047857,1.04x,228.516
pyranges1,0.053751,0.072545,0.060221,0.83x,228.609
