Library,Min (s),Max (s),Mean (s),Speedup,Peak memory (MB)
polars_bio,11.109423,11.871893,11.397992,10.38x,7064.312
polars_bio_streaming,12.049206,12.327491,12.191582,9.71x,1505.109
bioframe,117.701516,119.510730,118.356016,1.00x,16380.234
pyranges0,235.484308,243.216406,239.726101,0.49x,14245.203
pyranges1,109.722359,112.326873,111.232730,1.06x,19423.172
