Library,Min (s),Max (s),Mean (s),Speedup,Peak memory (MB)
polars_bio,22.781745,23.916568,23.161559,16.64x,14677.0468
polars_bio_streaming,18.501279,18.797602,18.676707,20.63x,555.109
bioframe,383.108514,387.500069,385.309331,1.00x,33806.062
pyranges0,276.421312,279.839508,277.845198,1.39x,29777.312
pyranges1,355.703878,367.680249,360.875151,1.07x,34526.859
