Library,Min (s),Max (s),Mean (s),Speedup,Peak memory (MB)
polars_bio,0.034756,0.038718,0.036421,13.40x,290.078
polars_bio_streaming,0.036070,0.037332,0.036534,13.35x,274.344
bioframe,0.484490,0.492328,0.487891,1.00x,419.312
pyranges1,0.971084,0.980085,0.975012,0.50x,407.562
