Library,Min (s),Max (s),Mean (s),Speedup,Peak memory (MB)
polars_bio,1.901833,1.957711,1.928367,12.15x,956.844
polars_bio_streaming,1.797332,1.802527,1.800497,13.01x,651.266
bioframe,23.269774,23.558380,23.430125,1.00x,6493.234
pyranges1,26.370249,27.172173,26.879266,0.87x,10397.531
