Library,Min (s),Max (s),Mean (s),Speedup
polars_bio,1.058990,1.069571,1.063377,12.07x
bioframe,12.772996,12.942351,12.835213,1.00x
polars_bio-2,0.565915,0.571785,0.568189,22.59x
polars_bio-4,0.298633,0.318378,0.306066,41.94x
polars_bio-6,0.225055,0.228166,0.226349,56.71x
polars_bio-8,0.173210,0.283555,0.214445,59.85x
