Library,Min (s),Max (s),Mean (s),Speedup
polars_bio,1.041575,1.059253,1.050057,11.56x
bioframe,11.860222,12.652750,12.138465,1.00x
polars_bio-2,0.534381,0.555051,0.542808,22.36x
polars_bio-4,0.299125,0.312648,0.307650,39.46x
polars_bio-6,0.206932,0.222281,0.216545,56.06x
polars_bio-8,0.170447,0.183709,0.178816,67.88x
