Library,Min (s),Max (s),Mean (s),Speedup
polars_bio,2.268214,2.359206,2.300820,6.20x
bioframe,14.157311,14.402264,14.260882,1.00x
polars_bio-2,1.190920,1.205917,1.198518,11.90x
polars_bio-4,0.637725,0.643208,0.639565,22.30x
polars_bio-6,0.451879,0.454848,0.453389,31.45x
polars_bio-8,0.360788,0.364067,0.361991,39.40x
