Library,Min (s),Max (s),Mean (s),Speedup
polars_bio,1.493899,1.501790,1.498990,3.49x
bioframe,5.180213,5.292087,5.233200,1.00x
polars_bio-2,0.794559,0.809267,0.802621,6.52x
polars_bio-4,0.442290,0.448030,0.444506,11.77x
polars_bio-6,0.316556,0.328158,0.322700,16.22x
polars_bio-8,0.254558,0.258012,0.256155,20.43x
