Library,Min (s),Max (s),Mean (s),Speedup
polars_bio,0.063954,0.066030,0.065025,4.22x
bioframe,0.272528,0.277249,0.274456,1.00x
polars_bio-2,0.056277,0.057710,0.057011,4.81x
polars_bio-4,0.053010,0.054018,0.053536,5.13x
polars_bio-6,0.052458,0.054272,0.053608,5.12x
polars_bio-8,0.052915,0.053299,0.053053,5.17x
