Library,Min (s),Max (s),Mean (s),Speedup
polars_bio,0.056649,0.059122,0.057832,5.12x
bioframe,0.294252,0.298302,0.295900,1.00x
polars_bio-2,0.049828,0.050893,0.050412,5.87x
polars_bio-4,0.047001,0.048612,0.047833,6.19x
polars_bio-6,0.047097,0.047201,0.047165,6.27x
polars_bio-8,0.047533,0.048502,0.047917,6.18x
