Library,Min (s),Max (s),Mean (s),Speedup
polars_bio,0.102682,0.108221,0.105117,3.87x
bioframe,0.402738,0.410348,0.406339,1.00x
polars_bio-2,0.099564,0.101187,0.100484,4.04x
polars_bio-4,0.081396,0.082205,0.081849,4.96x
polars_bio-6,0.078074,0.080467,0.079228,5.13x
polars_bio-8,0.075831,0.077116,0.076663,5.30x
