Library,Min (s),Max (s),Mean (s),Speedup
polars_bio,0.068002,0.070771,0.068958,3.54x
bioframe,0.240094,0.246551,0.244317,1.00x
polars_bio-2,0.066015,0.067640,0.066663,3.66x
polars_bio-4,0.053976,0.056005,0.055135,4.43x
polars_bio-6,0.052632,0.055602,0.054315,4.50x
polars_bio-8,0.054012,0.055920,0.054941,4.45x
