Library,Min (s),Max (s),Mean (s),Speedup
polars_bio,0.387252,0.402182,0.393615,7.46x
bioframe,2.917212,2.965306,2.938024,1.00x
polars_bio-2,0.196661,0.211570,0.204840,14.34x
polars_bio-4,0.135035,0.135157,0.135089,21.75x
polars_bio-6,0.102119,0.124141,0.115066,25.53x
polars_bio-8,0.088236,0.090704,0.089455,32.84x
