Library,Min (s),Max (s),Mean (s),Speedup
polars_bio,0.370066,0.386805,0.376058,9.89x
bioframe,3.629874,3.884228,3.718374,1.00x
polars_bio-2,0.191434,0.203284,0.195461,19.02x
polars_bio-4,0.125455,0.130066,0.127497,29.16x
polars_bio-6,0.100556,0.120014,0.110077,33.78x
polars_bio-8,0.090288,0.092288,0.091141,40.80x
