Library,Min (s),Max (s),Mean (s),Speedup
polars_bio,0.688972,0.704458,0.695297,7.15x
bioframe,4.911784,5.050025,4.973914,1.00x
polars_bio-2,0.380991,0.383210,0.382290,13.01x
polars_bio-4,0.216518,0.223381,0.220495,22.56x
polars_bio-6,0.168251,0.169279,0.168899,29.45x
polars_bio-8,0.139711,0.141472,0.140870,35.31x
