Library,Min (s),Max (s),Mean (s),Speedup
polars_bio,0.481165,0.482871,0.482156,3.39x
bioframe,1.628221,1.638659,1.633870,1.00x
polars_bio-2,0.257285,0.263653,0.261307,6.25x
polars_bio-4,0.157319,0.160374,0.159352,10.25x
polars_bio-6,0.125547,0.126434,0.125928,12.97x
polars_bio-8,0.105451,0.111501,0.108747,15.02x
