Library,Min (s),Max (s),Mean (s),Speedup
polars_bio,0.026200,0.028749,0.027418,6.30x
bioframe,0.169490,0.176628,0.172842,1.00x
pyranges0,0.073760,0.076708,0.075369,2.29x
pyranges1,0.128027,0.133263,0.130247,1.33x
pybedtools,0.701817,0.708726,0.705839,0.24x
genomicranges,1.032651,1.049059,1.040799,0.17x
