Library,Min (s),Max (s),Mean (s),Speedup
polars_bio,3.836807,4.348093,4.041432,10.64x
bioframe,42.723112,43.349793,42.981505,1.00x
pyranges0,13.979902,14.177524,14.078825,3.05x
pyranges1,18.043688,18.268548,18.147900,2.37x
