Library,Min (s),Max (s),Mean (s),Speedup
polars_bio,2.964852,3.248913,3.096410,6.56x
bioframe,20.292846,20.352866,20.319449,1.00x
pyranges0,17.811566,17.997003,17.932403,1.13x
pyranges1,26.480087,27.645039,26.901033,0.76x
