Library,Min (s),Max (s),Mean (s),Speedup
polars_bio,3.634645,4.780087,4.019866,9.14x
bioframe,36.702185,36.836208,36.748501,1.00x
pyranges0,27.947361,28.144713,28.023516,1.31x
pyranges1,31.061570,31.319922,31.227352,1.18x
