Library,Min (s),Max (s),Mean (s),Speedup
polars_bio,4.058761,5.382169,4.520136,7.71x
bioframe,34.351121,35.500323,34.869177,1.00x
pyranges0,17.951167,20.567356,18.875041,1.85x
pyranges1,28.886259,33.752483,31.116088,1.12x
