Library,Min (s),Max (s),Mean (s),Speedup
polars_bio,0.021035,0.026894,0.023802,13.86x
bioframe,0.308013,0.347919,0.329806,1.00x
pyranges1,0.076199,0.085019,0.079372,4.16x
pybedtools,11.056327,11.280248,11.149039,0.03x
genomicranges,2.057607,2.076510,2.067998,0.16x
