Library,Min (s),Max (s),Mean (s),Speedup
polars_bio,0.013263,0.014998,0.013874,5.68x
bioframe,0.077717,0.081116,0.078865,1.00x
pyranges1,0.094753,0.114552,0.102570,0.77x
pybedtools,11.374602,11.428316,11.393849,0.01x
