Library,Min (s),Max (s),Mean (s),Speedup
polars_bio,0.030583,0.038892,0.033394,3.33x
bioframe,0.108358,0.115233,0.111059,1.00x
pyranges0,0.059633,0.065599,0.061791,1.80x
pyranges1,0.100074,0.105947,0.102267,1.09x
pybedtools,13.434458,13.602339,13.496321,0.01x
genomicranges,2.030365,2.052434,2.039897,0.05x
pygenomics,1.001974,1.018231,1.009213,0.11x
