Library,Min (s),Max (s),Mean (s),Speedup
polars_bio,1.195279,1.205765,1.199323,20.45x
bioframe,24.423391,24.682901,24.525909,1.00x
pyranges0,11.093644,11.328071,11.220416,2.19x
pyranges1,11.987003,12.147925,12.066045,2.03x
pybedtools,59.699275,60.040870,59.849650,0.41x
genomicranges,500.041974,503.319360,502.043072,0.05x
