Library,Min (s),Max (s),Mean (s),Speedup
polars_bio,3.892446,4.347052,4.085943,10.46x
bioframe,42.479435,42.910023,42.750895,1.00x
polars_bio-2,4.231174,4.404561,4.292665,9.96x
polars_bio-4,4.044280,4.085637,4.063549,10.52x
polars_bio-6,4.105085,4.154653,4.125031,10.36x
polars_bio-8,4.170447,4.246851,4.198041,10.18x
