Library,Min (s),Max (s),Mean (s),Speedup
polars_bio,2.920449,2.954182,2.934600,6.96x
bioframe,20.280679,20.702736,20.432994,1.00x
polars_bio-2,2.767351,2.891732,2.850228,7.17x
polars_bio-4,2.732228,2.748280,2.739904,7.46x
polars_bio-6,2.762656,2.794922,2.780929,7.35x
polars_bio-8,2.828911,2.878079,2.849155,7.17x
