Library,Min (s),Max (s),Mean (s),Speedup
polars_bio,3.650253,3.790261,3.705971,9.85x
bioframe,36.377828,36.640293,36.492413,1.00x
polars_bio-2,3.961680,4.036937,3.988530,9.15x
polars_bio-4,4.149089,4.340614,4.260178,8.57x
polars_bio-6,4.462223,4.714619,4.608376,7.92x
polars_bio-8,4.605479,4.898568,4.798344,7.61x
