Library,Min (s),Max (s),Mean (s),Speedup
polars_bio,4.001549,4.383439,4.143642,8.50x
bioframe,34.853022,35.613708,35.236336,1.00x
polars_bio-2,4.510280,4.684589,4.606585,7.65x
polars_bio-4,4.356107,4.392292,4.375283,8.05x
polars_bio-6,4.153641,4.472961,4.304583,8.19x
polars_bio-8,4.335767,4.491545,4.421796,7.97x
