Library,Min (s),Max (s),Mean (s),Speedup
polars_bio,0.007028,0.007725,0.007363,2.50x
bioframe,0.018051,0.019179,0.018436,1.00x
pyranges1,0.014252,0.014683,0.014423,1.28x
pybedtools,0.926946,1.012523,0.973852,0.02x
genomicranges,0.330064,0.331750,0.331123,0.06x
