Library,Min (s),Max (s),Mean (s),Speedup
polars_bio,0.006959,0.010878,0.008414,2.16x
bioframe,0.017802,0.018828,0.018147,1.00x
pyranges1,0.014095,0.014585,0.014286,1.27x
pybedtools,0.931280,0.963690,0.950570,0.02x
genomicranges,0.321760,0.323467,0.322489,0.06x
