Library,Min (s),Max (s),Mean (s),Speedup
polars_bio,0.005590,0.006773,0.006189,2.86x
bioframe,0.017417,0.018237,0.017698,1.00x
pyranges1,0.022833,0.023438,0.023122,0.77x
pybedtools,0.955776,0.972206,0.961890,0.02x
