Library,Min (s),Max (s),Mean (s),Speedup
polars_bio,0.005994,0.006967,0.006396,2.78x
bioframe,0.017402,0.018389,0.017779,1.00x
pyranges1,0.022651,0.023034,0.022779,0.78x
pybedtools,0.952175,1.000698,0.976780,0.02x
