Library,Min (s),Max (s),Mean (s),Speedup
polars_bio,0.009616,0.011293,0.010447,3.08x
bioframe,0.031761,0.032938,0.032167,1.00x
pyranges0,0.010939,0.011387,0.011090,2.90x
pyranges1,0.015275,0.015676,0.015419,2.09x
pybedtools,0.059244,0.059899,0.059542,0.54x
