Library,Min (s),Max (s),Mean (s),Speedup
polars_bio,0.010150,0.018572,0.013027,1.84x
bioframe,0.022680,0.025605,0.023968,1.00x
pyranges0,0.016065,0.018936,0.017143,1.40x
pyranges1,0.030509,0.031181,0.030868,0.78x
pybedtools,1.335037,1.358509,1.345311,0.02x
genomicranges,0.322956,0.326403,0.324169,0.07x
pygenomics,0.136783,0.141169,0.138530,0.17x
