Library,Min (s),Max (s),Mean (s),Speedup
polars_bio,2.637742,2.806518,2.743393,7.86x
bioframe,21.229306,21.774497,21.573542,1.00x
polars_bio-2,1.505992,1.514041,1.509349,14.29x
polars_bio-4,0.806915,0.838473,0.819407,26.33x
polars_bio-6,0.547866,0.577357,0.566679,38.07x
polars_bio-8,0.513422,0.544428,0.530192,40.69x
