Library,Min (s),Max (s),Mean (s),Speedup
polars_bio,2.550758,2.642347,2.582726,10.27x
bioframe,25.442506,28.190389,26.516574,1.00x
polars_bio-2,1.324270,1.374198,1.346122,19.70x
polars_bio-4,0.721986,0.759706,0.737527,35.95x
polars_bio-6,0.523224,0.526971,0.525673,50.44x
polars_bio-8,0.483300,0.508176,0.499074,53.13x
