Library,Min (s),Max (s),Mean (s),Speedup
polars_bio,5.101807,5.235906,5.160585,6.52x
bioframe,33.362550,33.979626,33.652631,1.00x
polars_bio-2,2.866815,2.885696,2.878834,11.69x
polars_bio-4,1.387438,1.488123,1.443296,23.32x
polars_bio-6,1.017844,1.021131,1.019518,33.01x
polars_bio-8,0.830385,0.904311,0.860508,39.11x
