Library,Min (s),Max (s),Mean (s),Speedup
polars_bio,3.292385,3.566325,3.435398,3.49x
bioframe,11.919293,12.129823,11.994704,1.00x
polars_bio-2,1.902828,2.001839,1.966174,6.10x
polars_bio-4,0.995560,1.004311,1.000960,11.98x
polars_bio-6,0.695887,0.704254,0.699155,17.16x
polars_bio-8,0.572858,0.584157,0.580348,20.67x
