Library,Min (s),Max (s),Mean (s),Speedup
polars_bio,0.607341,0.649601,0.625818,153.22x
bioframe,94.752099,97.140491,95.889287,1.00x
pyranges0,8.006050,8.094492,8.049485,11.91x
pyranges1,8.179629,8.360123,8.246488,11.63x
pybedtools,21.760503,21.884291,21.803886,4.40x
genomicranges,474.604178,474.770272,474.691771,0.20x
