Library,Min (s),Max (s),Mean (s),Speedup
polars_bio,0.355176,0.404522,0.376343,7.18x
bioframe,2.664851,2.752263,2.700862,1.00x
pyranges0,8.811767,8.932990,8.856726,0.30x
pyranges1,9.318718,9.350268,9.337817,0.29x
pybedtools,41.135649,41.197101,41.158139,0.07x
genomicranges,482.299664,482.451084,482.360109,0.01x
