Library,Min (s),Max (s),Mean (s),Speedup
polars_bio,0.997866,1.097910,1.035164,58.27x
bioframe,59.434924,61.437155,60.321533,1.00x
pyranges0,2.584567,2.654851,2.609247,23.12x
pyranges1,2.981571,2.991015,2.986111,20.20x
pybedtools,9.591584,9.694962,9.641826,6.26x
