Library,Min (s),Max (s),Mean (s),Speedup
polars_bio,0.116294,0.117022,0.116653,7.03x
bioframe,0.818063,0.821514,0.819831,1.00x
pyranges0,0.369282,0.380848,0.374005,2.19x
pyranges1,0.452518,0.461772,0.458557,1.79x
