Library,Min (s),Max (s),Mean (s),Speedup
polars_bio,0.074644,0.081607,0.077376,6.13x
bioframe,0.472215,0.476835,0.474419,1.00x
pyranges0,0.435591,0.443196,0.439289,1.08x
pyranges1,0.598669,0.607452,0.604110,0.79x
