Library,Min (s),Max (s),Mean (s),Speedup
polars_bio,0.131158,0.132313,0.131758,7.19x
bioframe,0.943218,0.948764,0.946760,1.00x
pyranges0,0.533820,0.540335,0.536394,1.77x
pyranges1,0.625414,0.639193,0.634361,1.49x
