Library,Min (s),Max (s),Mean (s),Speedup
polars_bio,0.139381,0.144584,0.141730,4.97x
bioframe,0.698776,0.712227,0.704357,1.00x
pyranges0,0.344699,0.372098,0.355565,1.98x
pyranges1,0.556625,0.560249,0.558473,1.26x
