Library,Min (s),Max (s),Mean (s),Speedup
polars_bio,1.553878,1.611733,1.580402,10.91x
bioframe,17.125615,17.313718,17.244284,1.00x
pyranges0,6.015784,6.121269,6.058137,2.85x
pyranges1,7.465877,7.566017,7.517897,2.29x
