Library,Min (s),Max (s),Mean (s),Speedup
polars_bio,1.197926,1.238735,1.215814,6.52x
bioframe,7.886540,7.975679,7.924417,1.00x
pyranges0,7.622719,7.753042,7.677846,1.03x
pyranges1,10.572925,10.635344,10.596003,0.75x
