Library,Min (s),Max (s),Mean (s),Speedup
polars_bio,1.513939,1.633262,1.558887,9.84x
bioframe,15.288020,15.426604,15.336730,1.00x
pyranges0,11.614437,11.716138,11.656453,1.32x
pyranges1,12.854497,12.974351,12.907934,1.19x
