Library,Min (s),Max (s),Mean (s),Speedup
polars_bio,1.661566,1.953610,1.762055,8.04x
bioframe,14.005921,14.316593,14.162953,1.00x
pyranges0,7.754239,8.718362,8.088924,1.75x
pyranges1,11.895025,12.081557,12.000023,1.18x
