Library,Min (s),Max (s),Mean (s),Speedup
polars_bio,0.166376,0.171451,0.168565,8.74x
bioframe,1.470890,1.479461,1.473998,1.00x
pyranges0,0.346220,0.351111,0.348606,4.23x
pyranges1,0.465349,0.471763,0.467782,3.15x
