Library,Min (s),Max (s),Mean (s),Speedup
polars_bio,0.143299,0.151243,0.146858,8.68x
bioframe,1.252372,1.300545,1.274578,1.00x
pyranges0,0.500994,0.504891,0.503160,2.53x
pyranges1,0.728249,0.744256,0.734886,1.73x
