Library,Min (s),Max (s),Mean (s),Speedup
polars_bio,0.290990,0.301322,0.295290,6.41x
bioframe,1.891538,1.895442,1.893481,1.00x
pyranges0,0.610564,0.645550,0.623437,3.04x
pyranges1,0.874594,0.893673,0.881310,2.15x
