Library,Min (s),Max (s),Mean (s),Speedup
polars_bio,0.202555,0.209482,0.206184,4.44x
bioframe,0.900142,0.928306,0.916402,1.00x
pyranges0,0.280313,0.313478,0.292730,3.13x
pyranges1,0.579896,0.585874,0.582932,1.57x
