Library,Min (s),Max (s),Mean (s),Speedup
polars_bio,0.627675,0.691287,0.649326,145.61x
bioframe,93.973708,95.058883,94.548969,1.00x
pyranges0,7.992480,8.198407,8.064267,11.72x
pyranges1,8.161524,8.198821,8.181941,11.56x
