Library,Min (s),Max (s),Mean (s),Speedup
polars_bio,0.364379,0.397817,0.380283,6.97x
bioframe,2.636432,2.656808,2.649148,1.00x
pyranges0,8.853339,8.920900,8.878401,0.30x
pyranges1,9.335633,9.430300,9.384754,0.28x
