Library,Min (s),Max (s),Mean (s),Speedup
polars_bio,1.005801,1.073756,1.032174,58.69x
bioframe,60.157362,61.222127,60.583216,1.00x
pyranges0,2.581448,2.643284,2.622518,23.10x
pyranges1,2.936095,2.961878,2.948752,20.55x
