Library,Min (s),Max (s),Mean (s),Speedup
polars_bio,3.419407,15.562067,7.533556,3.97x
bioframe,28.259903,31.865744,29.896911,1.00x
pyranges0,16.254124,16.763914,16.432598,1.82x
pyranges1,30.671256,32.363046,31.699777,0.94x
