Library,Min (s),Max (s),Mean (s),Speedup
polars_bio,4.887937,5.553197,5.165014,20.21x
bioframe,102.637625,105.903506,104.389343,1.00x
pyranges1,13.352830,15.167609,14.197130,7.35x
