Library,Min (s),Max (s),Mean (s),Speedup
polars_bio,1.627897,1.683304,1.655288,9.86x
bioframe,15.586487,16.774274,16.316676,1.00x
pyranges1,16.991180,17.447484,17.195844,0.95x
