Library,Min (s),Max (s),Mean (s),Speedup
polars_bio,7.127790,7.490779,7.263011,22.17x
bioframe,156.356696,169.531002,160.989714,1.00x
pyranges0,6.402183,6.879779,6.628060,24.29x
pyranges1,7.526236,8.176338,7.857803,20.49x
