Library,Min (s),Max (s),Mean (s),Speedup
polars_bio,8.532137,9.738828,8.978132,2.20x
bioframe,19.276665,20.295566,19.708064,1.00x
pyranges0,14.819439,15.339048,15.092611,1.31x
pyranges1,20.153432,22.654892,21.563450,0.91x
