Library,Min (s),Max (s),Mean (s),Speedup
polars_bio,0.092007,0.094660,0.093680,5.84x
bioframe,0.538049,0.558483,0.547176,1.00x
pyranges0,0.275445,0.283689,0.280915,1.95x
pyranges1,0.344748,0.352893,0.349026,1.57x
