Library,Min (s),Max (s),Mean (s),Speedup
polars_bio,0.064557,0.070229,0.066887,6.21x
bioframe,0.412883,0.418646,0.415467,1.00x
pyranges0,0.362041,0.368727,0.366392,1.13x
pyranges1,0.514364,0.521139,0.517741,0.80x
