Library,Min (s),Max (s),Mean (s),Speedup
polars_bio,0.095979,0.110348,0.103188,6.83x
bioframe,0.691668,0.714308,0.704505,1.00x
pyranges0,0.531339,0.585887,0.556175,1.27x
pyranges1,0.613251,0.633949,0.626760,1.12x
