Library,Min (s),Max (s),Mean (s),Speedup
polars_bio,0.090537,0.095694,0.093262,5.39x
bioframe,0.498528,0.507002,0.502499,1.00x
pyranges0,0.261368,0.287940,0.271472,1.85x
pyranges1,0.392985,0.426657,0.412493,1.22x
