Library,Min (s),Max (s),Mean (s),Speedup,Peak memory (MB)
polars_bio,4.184608,4.403694,4.281924,6.97x,768.750
polars_bio_streaming,3.792566,3.917329,3.838723,7.77x,591.812
bioframe,29.609636,29.972788,29.838014,1.00x,4040.508
pyranges1,41.671912,42.238756,41.949904,0.71x,8503.844
