Library,Min (s),Max (s),Mean (s),Speedup,Peak memory (MB)
polars_bio,3.532309,3.660049,3.579428,12.53x,738.887
polars_bio_streaming,3.167344,3.169622,3.168694,14.15x,416.164
bioframe,41.150587,51.897250,44.839673,1.00x,14297.098
pyranges1,40.065526,41.350493,40.892187,1.10x,3096.812
