Library,Min (s),Max (s),Mean (s),Speedup
polars_bio,0.117098,0.121903,0.119491,8.60x
bioframe,1.019491,1.040087,1.027461,1.00x
polars_bio-2,0.066754,0.071223,0.068689,14.96x
polars_bio-4,0.047045,0.050464,0.048699,21.10x
polars_bio-6,0.043133,0.043554,0.043363,23.69x
polars_bio-8,0.038873,0.041804,0.040225,25.54x
