Library,Min (s),Max (s),Mean (s),Speedup
polars_bio,0.116108,0.118517,0.117201,9.78x
bioframe,1.139549,1.156223,1.146729,1.00x
polars_bio-2,0.070853,0.071467,0.071214,16.10x
polars_bio-4,0.048529,0.049586,0.049000,23.40x
polars_bio-6,0.039211,0.040220,0.039629,28.94x
polars_bio-8,0.035855,0.042966,0.039745,28.85x
