Library,Min (s),Max (s),Mean (s),Speedup
polars_bio,0.204188,0.210166,0.207591,7.27x
bioframe,1.504954,1.517727,1.510167,1.00x
polars_bio-2,0.118267,0.123538,0.120088,12.58x
polars_bio-4,0.073082,0.075639,0.073992,20.41x
polars_bio-6,0.059446,0.061755,0.060797,24.84x
polars_bio-8,0.053270,0.054788,0.053826,28.06x
