Library,Min (s),Max (s),Mean (s),Speedup
polars_bio,0.168073,0.173440,0.171031,4.13x
bioframe,0.702516,0.710283,0.705814,1.00x
polars_bio-2,0.099776,0.105979,0.102416,6.89x
polars_bio-4,0.063151,0.064934,0.064185,11.00x
polars_bio-6,0.050707,0.052720,0.052025,13.57x
polars_bio-8,0.045164,0.048989,0.047244,14.94x
