Library,Min (s),Max (s),Mean (s),Speedup
polars_bio,3.247022,3.803021,3.370889,1.00x
polars_bio-2,1.798569,1.848162,1.811417,1.86x
polars_bio-4,1.140229,1.158243,1.147355,2.94x
polars_bio-6,0.959703,0.968725,0.962915,3.50x
polars_bio-8,0.694637,0.710492,0.701048,4.81x
