Library,Min (s),Max (s),Mean (s),Speedup
polars_bio,1.942385,1.968249,1.951761,27.79x
bioframe,53.963493,54.511524,54.242202,1.00x
polars_bio-2,1.162298,1.204099,1.178850,46.01x
polars_bio-4,0.741540,0.744693,0.743544,72.95x
polars_bio-6,0.586449,0.612824,0.597460,90.79x
polars_bio-8,0.533330,0.711793,0.597499,90.78x
