Library,Min (s),Max (s),Mean (s),Speedup
polars_bio,0.800982,0.812233,0.806868,11.87x
bioframe,9.463492,9.754154,9.573912,1.00x
polars_bio-2,0.484258,0.498165,0.490506,19.52x
polars_bio-4,0.346099,0.409531,0.369037,25.94x
polars_bio-6,0.315282,0.333967,0.322321,29.70x
polars_bio-8,0.290567,0.303169,0.296110,32.33x
