Library,Min (s),Max (s),Mean (s),Speedup
polars_bio,2.830457,2.951942,2.879377,15.57x
bioframe,44.128454,45.414146,44.835034,1.00x
polars_bio-2,1.631673,1.678419,1.649147,27.19x
polars_bio-4,1.015146,1.064973,1.040014,43.11x
polars_bio-6,0.871607,0.953178,0.917273,48.88x
polars_bio-8,0.991206,1.006069,0.997058,44.97x
