Library,Min (s),Max (s),Mean (s),Speedup
polars_bio,3.786562,4.191900,4.030824,5.63x
bioframe,21.725161,24.069205,22.699115,1.00x
polars_bio-2,2.208823,2.395357,2.297605,9.88x
polars_bio-4,1.233261,1.324266,1.267441,17.91x
polars_bio-6,0.948994,1.011910,0.982301,23.11x
polars_bio-8,0.805316,0.821511,0.813798,27.89x
