Library,Min (s),Max (s),Mean (s),Speedup
polars_bio,0.355411,0.362737,0.359041,7.28x
bioframe,2.612820,2.619805,2.615535,1.00x
polars_bio-2,0.335437,0.345764,0.341609,7.66x
polars_bio-4,0.311110,0.315402,0.313149,8.35x
polars_bio-6,0.307266,0.308785,0.308153,8.49x
polars_bio-8,0.298831,0.306299,0.301693,8.67x
