Library,Min (s),Max (s),Mean (s),Speedup
polars_bio,0.238212,0.246141,0.242835,6.82x
bioframe,1.649543,1.666107,1.655199,1.00x
polars_bio-2,0.206072,0.212836,0.210020,7.88x
polars_bio-4,0.197451,0.201817,0.199937,8.28x
polars_bio-6,0.196260,0.202585,0.199040,8.32x
polars_bio-8,0.198493,0.220377,0.207798,7.97x
