Library,Min (s),Max (s),Mean (s),Speedup
polars_bio,0.402021,0.420956,0.408445,8.04x
bioframe,3.269831,3.302594,3.284515,1.00x
polars_bio-2,0.362590,0.376121,0.370473,8.87x
polars_bio-4,0.318240,0.336040,0.328596,10.00x
polars_bio-6,0.328314,0.344521,0.334787,9.81x
polars_bio-8,0.333976,0.354203,0.345990,9.49x
