Library,Min (s),Max (s),Mean (s),Speedup
polars_bio,0.410999,0.414838,0.412733,5.66x
bioframe,2.318869,2.367613,2.335922,1.00x
polars_bio-2,0.351159,0.365973,0.360173,6.49x
polars_bio-4,0.315239,0.317900,0.316273,7.39x
polars_bio-6,0.313345,0.323642,0.318859,7.33x
polars_bio-8,0.305158,0.318727,0.310763,7.52x
