Library,Min (s),Max (s),Mean (s),Speedup
polars_bio,2.744583,2.787535,2.761094,7.99x
bioframe,22.010339,22.081257,22.056662,1.00x
pyranges0,7.586612,7.788591,7.701854,2.86x
pyranges1,9.278931,9.469897,9.374578,2.35x
