Library,Min (s),Max (s),Mean (s),Speedup
polars_bio,2.486657,2.568352,2.523679,9.85x
bioframe,24.792890,24.936302,24.870151,1.00x
pyranges0,9.935475,10.132649,10.004972,2.49x
pyranges1,13.550371,13.691972,13.638277,1.82x
