Library,Min (s),Max (s),Mean (s),Speedup
polars_bio,3.981979,4.216794,4.078077,8.13x
bioframe,33.025585,33.285608,33.136883,1.00x
pyranges0,9.582576,10.480091,9.934235,3.34x
pyranges1,16.415978,16.485255,16.449115,2.01x
