Library,Min (s),Max (s),Mean (s),Speedup
polars_bio,3.163742,3.268702,3.200409,4.31x
bioframe,13.646419,14.018842,13.785723,1.00x
pyranges0,3.718294,4.555629,4.017334,3.43x
pyranges1,8.258721,8.475177,8.336201,1.65x
