Library,Min (s),Max (s),Mean (s),Speedup
polars_bio,2.052196,2.104447,2.075706,38.15x
bioframe,79.174164,79.234115,79.194209,1.00x
pyranges0,18.797436,18.851941,18.824498,4.21x
pyranges1,20.399172,20.436149,20.418562,3.88x
pybedtools,35.850631,36.142479,36.041115,2.20x
genomicranges,612.985873,613.520870,613.229997,0.13x
