Library,Min (s),Max (s),Mean (s),Speedup
polars_bio,1.829478,1.838981,1.834999,15.44x
bioframe,28.291360,28.361417,28.326821,1.00x
pyranges0,18.611247,20.021441,19.473105,1.45x
pyranges1,22.118838,22.210733,22.161329,1.28x
pybedtools,74.477086,74.868659,74.618066,0.38x
genomicranges,623.865655,623.949550,623.896645,0.05x
