Library,Min (s),Max (s),Mean (s),Speedup
polars_bio,3.576373,3.679698,3.633697,15.54x
bioframe,56.301865,56.776617,56.464305,1.00x
pyranges0,2.453080,2.604940,2.505172,22.54x
pyranges1,4.975662,5.011008,4.997007,11.30x
pybedtools,44.181913,44.794090,44.386971,1.27x
