Library,Min (s),Max (s),Mean (s),Speedup
polars_bio,6.235223,9.614410,7.723144,6.54x
bioframe,50.319263,50.956633,50.537202,1.00x
pyranges0,36.371926,36.581642,36.448645,1.39x
pyranges1,63.336711,63.455435,63.406540,0.80x
pybedtools,1149.001487,1152.127068,1150.070659,0.04x
genomicranges,597.951648,599.960895,599.002871,0.08x
