Library,Min (s),Max (s),Mean (s),Speedup
polars_bio,0.595684,0.610303,0.603363,57.11x
bioframe,34.365800,34.525949,34.457513,1.00x
polars_bio-2,0.491777,0.517967,0.501870,68.66x
polars_bio-4,0.452798,0.460867,0.455631,75.63x
polars_bio-6,0.442781,0.444302,0.443368,77.72x
polars_bio-8,0.436526,0.456842,0.444885,77.45x
