Library,Min (s),Max (s),Mean (s),Speedup
polars_bio,0.389194,0.418612,0.399205,7.53x
bioframe,2.964700,3.084599,3.006815,1.00x
polars_bio-2,0.338643,0.343439,0.340512,8.83x
polars_bio-4,0.321819,0.329489,0.324991,9.25x
polars_bio-6,0.319645,0.325795,0.323084,9.31x
polars_bio-8,0.313535,0.316403,0.315171,9.54x
