Library,Min (s),Max (s),Mean (s),Speedup
polars_bio,0.958391,1.017587,0.980610,23.59x
bioframe,23.014058,23.351067,23.128512,1.00x
polars_bio-2,0.786900,0.802020,0.793544,29.15x
polars_bio-4,0.708801,0.730791,0.722835,32.00x
polars_bio-6,0.716011,0.756518,0.736516,31.40x
polars_bio-8,0.765958,0.786244,0.777288,29.76x
