Library,Min (s),Max (s),Mean (s),Speedup
polars_bio,1.352495,1.441836,1.397195,8.26x
bioframe,11.406221,11.778953,11.544504,1.00x
polars_bio-2,0.999720,1.078427,1.046597,11.03x
polars_bio-4,0.868578,0.888517,0.881609,13.09x
polars_bio-6,0.750570,0.840783,0.782720,14.75x
polars_bio-8,0.754659,0.788917,0.768215,15.03x
