Library,Min (s),Max (s),Mean (s),Speedup,Peak memory (MB)
polars_bio,7.842314,8.848280,8.510181,21.04x,2301.000
polars_bio_streaming,7.589706,8.153016,7.842404,22.83x,1327.531
bioframe,174.790383,183.458906,179.035999,1.00x,10996.234
pyranges0,32.793505,32.826686,32.809101,5.46x,4882.656
pyranges1,18.866156,19.570609,19.142653,9.35x,5253.281
