Library,Min (s),Max (s),Mean (s),Speedup
polars_bio,2.597955,2.760537,2.674482,32.02x
polars_bio_streaming,2.650880,2.685157,2.665171,32.13x
bioframe,85.238305,86.131916,85.644961,1.00x
pyranges0,13.530549,13.705834,13.620471,6.29x
pyranges1,16.290782,16.385961,16.322671,5.25x
