Library,Min (s),Max (s),Mean (s),Speedup,Peak memory (MB)
polars_bio,0.009145,0.038799,0.019201,2.24x,253.156
polars_bio_streaming,0.003964,0.005051,0.004504,9.53x,248.188
bioframe,0.033372,0.061107,0.042931,1.00x,229.906
pyranges0,0.049586,0.057381,0.052364,0.82x,231.812
pyranges1,0.054496,0.059205,0.056362,0.76x,231.688
