Library,Min (s),Max (s),Mean (s),Speedup,Peak memory (MB)
polars_bio,0.053349,0.058382,0.055362,9.14x,321.062
polars_bio_streaming,0.051385,0.053979,0.052764,9.59x,311.422
bioframe,0.503887,0.510257,0.506123,1.00x,316.969
pyranges0,1.135469,1.183369,1.151801,0.44x,364.594
pyranges1,1.327935,1.334101,1.331346,0.38x,357.734
