Library,Min (s),Max (s),Mean (s),Speedup
polars_bio,0.624146,0.646881,0.633331,151.64x
bioframe,95.101081,97.640290,96.037823,1.00x
polars_bio-2,0.548962,0.564972,0.558429,171.98x
polars_bio-4,0.464240,0.514005,0.480918,199.70x
polars_bio-6,0.446666,0.456526,0.452383,212.29x
polars_bio-8,0.439333,0.444554,0.441189,217.68x
