Library,Min (s),Max (s),Mean (s),Speedup
polars_bio,0.366155,0.385589,0.373699,7.09x
bioframe,2.638032,2.655068,2.649100,1.00x
polars_bio-2,0.323592,0.334527,0.327989,8.08x
polars_bio-4,0.311974,0.314323,0.313105,8.46x
polars_bio-6,0.307813,0.316221,0.312609,8.47x
polars_bio-8,0.305761,0.311578,0.308892,8.58x
