Library,Min (s),Max (s),Mean (s),Speedup
polars_bio,0.992899,1.011213,1.001776,59.95x
bioframe,59.851422,60.166768,60.061071,1.00x
polars_bio-2,0.794327,0.810995,0.801605,74.93x
polars_bio-4,0.702292,0.710006,0.706285,85.04x
polars_bio-6,0.680588,0.697776,0.690900,86.93x
polars_bio-8,0.690544,0.708302,0.702083,85.55x
