Library,Min (s),Max (s),Mean (s),Speedup
polars_bio,2.428836,2.897629,2.616358,11.56x
bioframe,27.898998,33.045416,30.247351,1.00x
polars_bio-2,1.924382,2.463409,2.171465,13.93x
polars_bio-4,1.342492,1.448362,1.385475,21.83x
polars_bio-6,1.184516,1.204939,1.192857,25.36x
polars_bio-8,1.015633,1.088289,1.044795,28.95x
