Library,Min (s),Max (s),Mean (s),Speedup
polars_bio,0.270272,0.286894,0.276563,6.01x
bioframe,1.659540,1.666855,1.663028,1.00x
polars_bio-2,0.289109,0.292312,0.290625,5.72x
polars_bio-4,0.281330,0.283682,0.282661,5.88x
polars_bio-6,0.277825,0.295631,0.286209,5.81x
polars_bio-8,0.281355,0.286464,0.284328,5.85x
