Library,Min (s),Max (s),Mean (s),Speedup
polars_bio,0.202762,0.216802,0.208437,6.24x
bioframe,1.290173,1.321442,1.300761,1.00x
polars_bio-2,0.188891,0.198382,0.192454,6.76x
polars_bio-4,0.185991,0.189864,0.187431,6.94x
polars_bio-6,0.185918,0.187900,0.186658,6.97x
polars_bio-8,0.185117,0.192428,0.187780,6.93x
