Library,Min (s),Max (s),Mean (s),Speedup
polars_bio,0.263304,0.289601,0.272636,8.15x
bioframe,2.219089,2.223635,2.221695,1.00x
polars_bio-2,0.288208,0.297884,0.293348,7.57x
polars_bio-4,0.276947,0.296510,0.288003,7.71x
polars_bio-6,0.292161,0.302159,0.297328,7.47x
polars_bio-8,0.287380,0.302043,0.294823,7.54x
