Library,Min (s),Max (s),Mean (s),Speedup
polars_bio,0.255173,0.267450,0.260327,6.29x
bioframe,1.618020,1.664868,1.638431,1.00x
polars_bio-2,0.279927,0.298824,0.290739,5.64x
polars_bio-4,0.285713,0.294888,0.290568,5.64x
polars_bio-6,0.269587,0.280459,0.275647,5.94x
polars_bio-8,0.274750,0.284192,0.278337,5.89x
