Library,Min (s),Max (s),Mean (s),Speedup
polars_bio,5.828798,6.400978,6.185263,8.24x
bioframe,50.468791,51.376292,50.991198,1.00x
polars_bio-2,2.934540,3.125040,3.017380,16.90x
polars_bio-4,1.567285,1.680507,1.609748,31.68x
polars_bio-6,1.031492,1.153600,1.109106,45.98x
polars_bio-8,1.048488,1.076460,1.066994,47.79x
