Library,Min (s),Max (s),Mean (s),Speedup
polars_bio,5.970817,6.058535,6.015931,11.38x
bioframe,66.730404,71.415206,68.471425,1.00x
polars_bio-2,3.039848,3.171630,3.092113,22.14x
polars_bio-4,1.585599,1.613738,1.595053,42.93x
polars_bio-6,1.098817,1.103811,1.101824,62.14x
polars_bio-8,1.046358,1.066588,1.057519,64.75x
