Library,Min (s),Max (s),Mean (s),Speedup
polars_bio,10.434179,10.530708,10.486154,7.48x
bioframe,78.044037,78.701585,78.389019,1.00x
polars_bio-2,5.561072,5.592692,5.578844,14.05x
polars_bio-4,3.118063,3.138409,3.128483,25.06x
polars_bio-6,2.232822,2.257388,2.244421,34.93x
polars_bio-8,1.752359,1.770350,1.763941,44.44x
