Library,Min (s),Max (s),Mean (s),Speedup
polars_bio,7.438819,7.458448,7.449763,3.29x
bioframe,24.283300,24.768097,24.475618,1.00x
polars_bio-2,3.934254,3.956207,3.943809,6.21x
polars_bio-4,2.151321,2.174828,2.161680,11.32x
polars_bio-6,1.538468,1.555113,1.549534,15.80x
polars_bio-8,1.211370,1.224652,1.216928,20.11x
