Library,Min (s),Max (s),Mean (s),Speedup
polars_bio,0.026706,0.029754,0.028142,4.69x
bioframe,0.131124,0.133729,0.132052,1.00x
pyranges0,0.039136,0.039774,0.039377,3.35x
pyranges1,0.061976,0.063181,0.062658,2.11x
pybedtools,0.665804,0.673844,0.668534,0.20x
genomicranges,0.994963,1.006435,0.999389,0.13x
