Library,Min (s),Max (s),Mean (s),Speedup
polars_bio,0.039943,0.045166,0.042109,4.45x
bioframe,0.185452,0.189631,0.187388,1.00x
pyranges0,0.092334,0.096340,0.093688,2.00x
pyranges1,0.133631,0.134179,0.133981,1.40x
pybedtools,0.756676,0.761866,0.759530,0.25x
