Library,Min (s),Max (s),Mean (s),Speedup
polars_bio,0.119926,0.127276,0.122497,7.08x
bioframe,0.865326,0.870678,0.867388,1.00x
polars_bio-2,0.068773,0.075480,0.073053,11.87x
polars_bio-4,0.047177,0.050441,0.048346,17.94x
polars_bio-6,0.035997,0.040769,0.038390,22.59x
polars_bio-8,0.034761,0.041239,0.037999,22.83x
