Library,Min (s),Max (s),Mean (s),Speedup
polars_bio,0.122860,0.130180,0.126066,9.30x
bioframe,1.133704,1.207412,1.172246,1.00x
polars_bio-2,0.070825,0.074920,0.073350,15.98x
polars_bio-4,0.050260,0.064765,0.056442,20.77x
polars_bio-6,0.036540,0.038714,0.037719,31.08x
polars_bio-8,0.035564,0.036361,0.036022,32.54x
