Library,Min (s),Max (s),Mean (s),Speedup
polars_bio,0.231138,0.236306,0.233183,5.99x
bioframe,1.386194,1.404576,1.396237,1.00x
polars_bio-2,0.132220,0.135168,0.133538,10.46x
polars_bio-4,0.078293,0.078864,0.078647,17.75x
polars_bio-6,0.057463,0.062538,0.059928,23.30x
polars_bio-8,0.050218,0.054411,0.052107,26.80x
