Library,Min (s),Max (s),Mean (s),Speedup
polars_bio,0.158284,0.162815,0.160945,3.16x
bioframe,0.500370,0.512561,0.508449,1.00x
polars_bio-2,0.090556,0.093303,0.091716,5.54x
polars_bio-4,0.056374,0.057865,0.057355,8.86x
polars_bio-6,0.046212,0.048487,0.046992,10.82x
polars_bio-8,0.039346,0.042550,0.041015,12.40x
