Library,Min (s),Max (s),Mean (s),Speedup
polars_bio,0.447623,0.454328,0.450301,10.78x
bioframe,4.839011,4.877165,4.856231,1.00x
polars_bio-2,0.400998,0.405308,0.403280,12.04x
polars_bio-4,0.398504,0.403473,0.401265,12.10x
polars_bio-6,0.399026,0.403320,0.400581,12.12x
polars_bio-8,0.398368,0.402679,0.399806,12.15x
