Library,Min (s),Max (s),Mean (s),Speedup
polars_bio,0.318140,0.344435,0.329569,6.72x
bioframe,2.188319,2.249711,2.213112,1.00x
polars_bio-2,0.294835,0.301077,0.298017,7.43x
polars_bio-4,0.294575,0.299686,0.297856,7.43x
polars_bio-6,0.300993,0.303441,0.302127,7.33x
polars_bio-8,0.299863,0.303778,0.301861,7.33x
