Library,Min (s),Max (s),Mean (s),Speedup
polars_bio,0.631714,0.667964,0.646202,7.92x
bioframe,5.099007,5.126117,5.114961,1.00x
polars_bio-2,0.612771,0.620637,0.617405,8.28x
polars_bio-4,0.583585,0.600526,0.593895,8.61x
polars_bio-6,0.587017,0.595840,0.591910,8.64x
polars_bio-8,0.596675,0.606215,0.600708,8.51x
