Library,Min (s),Max (s),Mean (s),Speedup
polars_bio,0.501462,0.544579,0.516337,5.98x
bioframe,3.072157,3.103206,3.085898,1.00x
polars_bio-2,0.482207,0.491206,0.486836,6.34x
polars_bio-4,0.423375,0.432930,0.427730,7.21x
polars_bio-6,0.417941,0.424621,0.420968,7.33x
polars_bio-8,0.418003,0.421322,0.420075,7.35x
