Library,Min (s),Max (s),Mean (s),Speedup
polars_bio,0.403209,0.416641,0.408158,8.62x
bioframe,3.501471,3.553667,3.519531,1.00x
pyranges0,1.065134,1.129803,1.090222,3.23x
pyranges1,1.317194,1.363398,1.341083,2.62x
