Library,Min (s),Max (s),Mean (s),Speedup
polars_bio,0.385967,0.391327,0.388398,10.06x
bioframe,3.808965,4.037969,3.906427,1.00x
pyranges0,1.439572,1.500977,1.465785,2.67x
pyranges1,2.005107,2.058748,2.032527,1.92x
