Library,Min (s),Max (s),Mean (s),Speedup
polars_bio,0.659799,0.682241,0.670445,8.01x
bioframe,5.293736,5.469513,5.367076,1.00x
pyranges0,1.176025,1.306442,1.228992,4.37x
pyranges1,2.104309,2.145562,2.126413,2.52x
