Library,Min (s),Max (s),Mean (s),Speedup
polars_bio,0.600334,0.786014,0.666635,3.63x
bioframe,2.377175,2.478303,2.418331,1.00x
pyranges0,0.700737,0.807055,0.758352,3.19x
pyranges1,1.404265,1.454845,1.432555,1.69x
