Library,Min (s),Max (s),Mean (s),Speedup
polars_bio,3.869217,3.899224,3.883932,8.18x
bioframe,31.680303,31.846376,31.752000,1.00x
polars_bio-2,4.236168,4.274261,4.250975,7.47x
polars_bio-4,4.079465,4.123104,4.098909,7.75x
polars_bio-6,4.086337,4.098087,4.092509,7.76x
polars_bio-8,4.200667,4.235786,4.216132,7.53x
