Library,Min (s),Max (s),Mean (s),Speedup
polars_bio,2.995671,3.021039,3.010753,6.94x
bioframe,20.509214,21.411828,20.891692,1.00x
polars_bio-2,2.796660,2.907853,2.841409,7.35x
polars_bio-4,2.735701,2.787295,2.761541,7.57x
polars_bio-6,2.783946,2.823430,2.806494,7.44x
polars_bio-8,2.851948,2.916069,2.874287,7.27x
