Library,Min (s),Max (s),Mean (s),Speedup
polars_bio,3.950315,4.272294,4.091518,8.60x
bioframe,35.077551,35.335351,35.176169,1.00x
polars_bio-2,4.196928,4.352184,4.255386,8.27x
polars_bio-4,4.633260,4.658599,4.642395,7.58x
polars_bio-6,4.861185,4.976833,4.929468,7.14x
polars_bio-8,4.854690,5.083870,4.973040,7.07x
