Library,Min (s),Max (s),Mean (s),Speedup
polars_bio,3.836221,4.135410,3.948935,7.51x
bioframe,29.344670,29.974596,29.652050,1.00x
polars_bio-2,4.088887,4.303644,4.230694,7.01x
polars_bio-4,3.971687,4.046260,4.009469,7.40x
polars_bio-6,4.204443,4.247976,4.226624,7.02x
polars_bio-8,4.222451,4.318197,4.270441,6.94x
