Library,Min (s),Max (s),Mean (s),Speedup
polars_bio,0.187077,0.192495,0.188989,7.26x
bioframe,1.370376,1.376694,1.372630,1.00x
pyranges0,0.318240,0.326132,0.322174,4.26x
pyranges1,0.435101,0.442487,0.438117,3.13x
