Library,Min (s),Max (s),Mean (s),Speedup
polars_bio,0.160696,0.167730,0.163248,8.18x
bioframe,1.326944,1.346015,1.335824,1.00x
pyranges0,0.470520,0.472054,0.471075,2.84x
pyranges1,0.735850,0.739962,0.737683,1.81x
