Library,Min (s),Max (s),Mean (s),Speedup
polars_bio,0.329398,0.332200,0.330678,5.81x
bioframe,1.912449,1.934533,1.919879,1.00x
pyranges0,0.707970,0.732538,0.720710,2.66x
pyranges1,1.021563,1.038536,1.031937,1.86x
