Library,Min (s),Max (s),Mean (s),Speedup
polars_bio,0.217939,0.225310,0.221934,3.96x
bioframe,0.867221,0.899524,0.878131,1.00x
pyranges0,0.234438,0.270512,0.247404,3.55x
pyranges1,0.492101,0.498244,0.494279,1.78x
