Library,Min (s),Max (s),Mean (s),Speedup
polars_bio,1.514008,1.671080,1.567285,6.33x
bioframe,9.874651,9.994641,9.915254,1.00x
pyranges0,4.946771,4.982844,4.966038,2.00x
pyranges1,6.329311,6.420933,6.383637,1.55x
