Library,Min (s),Max (s),Mean (s),Speedup
polars_bio,1.217608,1.478073,1.315387,5.98x
bioframe,7.761011,7.978433,7.866229,1.00x
pyranges0,6.271800,6.457172,6.354678,1.24x
pyranges1,9.200277,9.336209,9.269826,0.85x
