Library,Min (s),Max (s),Mean (s),Speedup
polars_bio,1.456065,1.979601,1.664968,7.72x
bioframe,12.744058,12.962817,12.861685,1.00x
pyranges0,11.503574,11.542434,11.523246,1.12x
pyranges1,12.571907,12.736797,12.649023,1.02x
