Library,Min (s),Max (s),Mean (s),Speedup
polars_bio,1.392048,1.740858,1.512218,6.56x
bioframe,9.826502,10.044707,9.925773,1.00x
pyranges0,4.921259,5.637935,5.166419,1.92x
pyranges1,7.200650,7.286304,7.237528,1.37x
