Library,Min (s),Max (s),Mean (s),Speedup
polars_bio,0.091995,0.096821,0.094591,5.79x
bioframe,0.543618,0.550796,0.547497,1.00x
polars_bio-2,0.083137,0.086034,0.085054,6.44x
polars_bio-4,0.080276,0.083076,0.081433,6.72x
polars_bio-6,0.079234,0.081205,0.080251,6.82x
polars_bio-8,0.079506,0.080463,0.080107,6.83x
