Library,Min (s),Max (s),Mean (s),Speedup
polars_bio,0.067498,0.072217,0.070428,6.00x
bioframe,0.410813,0.438500,0.422690,1.00x
polars_bio-2,0.059632,0.062015,0.060729,6.96x
polars_bio-4,0.057582,0.059544,0.058670,7.20x
polars_bio-6,0.059147,0.059540,0.059344,7.12x
polars_bio-8,0.058897,0.059605,0.059172,7.14x
