Library,Min (s),Max (s),Mean (s),Speedup
polars_bio,0.099035,0.105624,0.101418,7.34x
bioframe,0.741965,0.746842,0.744488,1.00x
polars_bio-2,0.098040,0.100316,0.099368,7.49x
polars_bio-4,0.080764,0.086958,0.084358,8.83x
polars_bio-6,0.084187,0.085957,0.084993,8.76x
polars_bio-8,0.081639,0.086176,0.083766,8.89x
