Library,Min (s),Max (s),Mean (s),Speedup
polars_bio,0.096126,0.098484,0.096918,5.26x
bioframe,0.507953,0.512145,0.510082,1.00x
polars_bio-2,0.093638,0.095234,0.094261,5.41x
polars_bio-4,0.079476,0.081406,0.080218,6.36x
polars_bio-6,0.079546,0.082392,0.080901,6.31x
polars_bio-8,0.078062,0.079070,0.078659,6.48x
