Library,Min (s),Max (s),Mean (s),Speedup
polars_bio,7.284846,7.376028,7.315481,7.55x
bioframe,55.072303,55.513005,55.253849,1.00x
pyranges0,13.143590,13.407149,13.280403,4.16x
pyranges1,17.669815,17.933870,17.773243,3.11x
