Library,Min (s),Max (s),Mean (s),Speedup
polars_bio,6.189927,6.283066,6.227972,10.90x
bioframe,66.534657,70.082791,67.897272,1.00x
pyranges0,18.118493,18.456313,18.259323,3.72x
pyranges1,27.651588,27.980698,27.781569,2.44x
