Library,Min (s),Max (s),Mean (s),Speedup
polars_bio,12.348848,12.863247,12.520843,6.97x
bioframe,86.604297,88.363052,87.307728,1.00x
pyranges0,41.742078,45.070550,43.140555,2.02x
pyranges1,60.610663,63.630713,61.689024,1.42x
