Library,Min (s),Max (s),Mean (s),Speedup
polars_bio,7.986756,8.025748,8.010774,3.62x
bioframe,28.865649,29.099470,28.965566,1.00x
pyranges0,5.329660,7.637901,6.142535,4.72x
pyranges1,13.998417,15.418093,14.585463,1.99x
