Library,Min (s),Max (s),Mean (s),Speedup
polars_bio,0.098051,0.099953,0.099168,8.35x
bioframe,0.827513,0.828405,0.828054,1.00x
polars_bio-2,0.083127,0.084639,0.083945,9.86x
polars_bio-4,0.077902,0.079074,0.078313,10.57x
polars_bio-6,0.075279,0.078205,0.076595,10.81x
polars_bio-8,0.076303,0.077676,0.077039,10.75x
