Library,Min (s),Max (s),Mean (s),Speedup
polars_bio,0.070488,0.072475,0.071663,6.42x
bioframe,0.459113,0.460537,0.459752,1.00x
polars_bio-2,0.057858,0.059265,0.058469,7.86x
polars_bio-4,0.054563,0.055255,0.054989,8.36x
polars_bio-6,0.053170,0.055177,0.054356,8.46x
polars_bio-8,0.054247,0.055320,0.054781,8.39x
