Library,Min (s),Max (s),Mean (s),Speedup
polars_bio,0.119400,0.125295,0.122197,7.74x
bioframe,0.936942,0.960580,0.946219,1.00x
polars_bio-2,0.104431,0.109263,0.106631,8.87x
polars_bio-4,0.085247,0.085674,0.085446,11.07x
polars_bio-6,0.079839,0.084073,0.081757,11.57x
polars_bio-8,0.078891,0.083354,0.081055,11.67x
