Library,Min (s),Max (s),Mean (s),Speedup
polars_bio,0.123103,0.129746,0.125765,5.53x
bioframe,0.692417,0.700692,0.695499,1.00x
polars_bio-2,0.110732,0.113100,0.111926,6.21x
polars_bio-4,0.085836,0.087750,0.086720,8.02x
polars_bio-6,0.082034,0.084321,0.083304,8.35x
polars_bio-8,0.079339,0.082353,0.081222,8.56x
