Library,Min (s),Max (s),Mean (s),Speedup
polars_bio,0.475783,0.483376,0.478975,7.96x
bioframe,3.797431,3.819410,3.812029,1.00x
polars_bio-2,0.257097,0.282654,0.266474,14.31x
polars_bio-4,0.153010,0.188821,0.167704,22.73x
polars_bio-6,0.144103,0.156182,0.148963,25.59x
polars_bio-8,0.131642,0.137324,0.134863,28.27x
