Library,Min (s),Max (s),Mean (s),Speedup
polars_bio,0.428047,0.430490,0.429180,9.42x
bioframe,4.023380,4.080354,4.043420,1.00x
polars_bio-2,0.234971,0.252889,0.241186,16.76x
polars_bio-4,0.144560,0.165287,0.151907,26.62x
polars_bio-6,0.134780,0.140986,0.138051,29.29x
polars_bio-8,0.121218,0.125165,0.123466,32.75x
