Library,Min (s),Max (s),Mean (s),Speedup
polars_bio,0.893814,0.902615,0.899370,6.41x
bioframe,5.718516,5.816563,5.768391,1.00x
polars_bio-2,0.502733,0.508224,0.505169,11.42x
polars_bio-4,0.310954,0.321524,0.316282,18.24x
polars_bio-6,0.256922,0.260554,0.258933,22.28x
polars_bio-8,0.226783,0.231962,0.228575,25.24x
