Library,Min (s),Max (s),Mean (s),Speedup
polars_bio,0.627942,0.633404,0.630699,3.77x
bioframe,2.344363,2.416900,2.379200,1.00x
polars_bio-2,0.357397,0.364542,0.360198,6.61x
polars_bio-4,0.231959,0.233122,0.232430,10.24x
polars_bio-6,0.189819,0.196166,0.192349,12.37x
polars_bio-8,0.167954,0.168687,0.168275,14.14x
