Library,Min (s),Max (s),Mean (s),Speedup
polars_bio,3.866914,3.888709,3.878639,8.22x
bioframe,31.667078,32.037022,31.883913,1.00x
pyranges0,12.287921,12.426155,12.341697,2.58x
pyranges1,16.627950,16.902881,16.770991,1.90x
