Library,Min (s),Max (s),Mean (s),Speedup
polars_bio,2.975641,3.035881,3.004313,6.87x
bioframe,20.557946,20.742914,20.647712,1.00x
pyranges0,15.869157,16.170108,15.998967,1.29x
pyranges1,24.607328,25.348439,24.914266,0.83x
