Library,Min (s),Max (s),Mean (s),Speedup
polars_bio,4.083610,4.501189,4.283734,8.38x
bioframe,35.574770,36.337010,35.880550,1.00x
pyranges0,28.187747,28.346830,28.275735,1.27x
pyranges1,30.968074,31.455653,31.163069,1.15x
