Library,Min (s),Max (s),Mean (s),Speedup
polars_bio,3.885133,4.389760,4.085456,7.24x
bioframe,29.372249,29.913240,29.561015,1.00x
pyranges0,13.070685,15.910636,14.085203,2.10x
pyranges1,20.518185,22.022181,21.107152,1.40x
