Library,Min (s),Max (s),Mean (s),Speedup
polars_bio,6.729907,7.243691,7.024643,7.90x
bioframe,55.257030,55.752312,55.481780,1.00x
polars_bio-2,3.497394,3.719245,3.617012,15.34x
polars_bio-4,1.816091,1.906497,1.868395,29.69x
polars_bio-6,1.214186,1.264326,1.240295,44.73x
polars_bio-8,1.112824,1.152031,1.137906,48.76x
