Library,Min (s),Max (s),Mean (s),Speedup
polars_bio,6.290133,6.346471,6.321917,10.95x
bioframe,67.653971,72.234353,69.232330,1.00x
polars_bio-2,3.197159,3.317831,3.247758,21.32x
polars_bio-4,1.665807,1.687842,1.678235,41.25x
polars_bio-6,1.166462,1.190492,1.176501,58.85x
polars_bio-8,1.112653,1.138235,1.126319,61.47x
