Library,Min (s),Max (s),Mean (s),Speedup
polars_bio,12.588837,12.687333,12.623315,6.88x
bioframe,86.657735,87.023669,86.800524,1.00x
polars_bio-2,6.777100,6.784665,6.781698,12.80x
polars_bio-4,3.730056,3.747027,3.736601,23.23x
polars_bio-6,2.696977,2.718946,2.704304,32.10x
polars_bio-8,2.157784,2.174172,2.166421,40.07x
