Library,Min (s),Max (s),Mean (s),Speedup
polars_bio,8.183150,8.819629,8.438436,3.47x
bioframe,29.167063,29.476232,29.283953,1.00x
polars_bio-2,4.397101,4.720349,4.577106,6.40x
polars_bio-4,2.596190,2.633178,2.614635,11.20x
polars_bio-6,1.841947,1.865785,1.854227,15.79x
polars_bio-8,1.471880,1.499253,1.484615,19.72x
