Library,Min (s),Max (s),Mean (s),Speedup
polars_bio,0.181151,0.186689,0.183215,5.99x
bioframe,1.095002,1.098539,1.096548,1.00x
pyranges0,0.456541,0.458258,0.457561,2.40x
pyranges1,0.578525,0.581054,0.579784,1.89x
