Library,Min (s),Max (s),Mean (s),Speedup
polars_bio,0.102528,0.108140,0.105335,7.52x
bioframe,0.782909,0.803683,0.791817,1.00x
pyranges0,0.545330,0.554999,0.548913,1.44x
pyranges1,0.795724,0.804019,0.799916,0.99x
