Library,Min (s),Max (s),Mean (s),Speedup
polars_bio,0.223251,0.236331,0.228128,6.65x
bioframe,1.511080,1.527965,1.516903,1.00x
pyranges0,0.570753,0.599663,0.586699,2.59x
pyranges1,0.763218,0.767988,0.764815,1.98x
