Library,Min (s),Max (s),Mean (s),Speedup
polars_bio,0.222631,0.234253,0.226978,3.90x
bioframe,0.865387,0.907363,0.884768,1.00x
pyranges0,0.378169,0.422952,0.401404,2.20x
pyranges1,0.621207,0.655688,0.641213,1.38x
