Library,Min (s),Max (s),Mean (s),Speedup
polars_bio,0.083646,0.090291,0.086302,5.71x
bioframe,0.489601,0.497057,0.492483,1.00x
polars_bio-2,0.077437,0.081732,0.079532,6.19x
polars_bio-4,0.074607,0.075629,0.075106,6.56x
polars_bio-6,0.072284,0.075792,0.074315,6.63x
polars_bio-8,0.072478,0.072845,0.072676,6.78x
