Library,Min (s),Max (s),Mean (s),Speedup
polars_bio,0.061823,0.069835,0.065394,5.70x
bioframe,0.371007,0.375295,0.373052,1.00x
polars_bio-2,0.053816,0.055232,0.054749,6.81x
polars_bio-4,0.052114,0.053051,0.052589,7.09x
polars_bio-6,0.052165,0.054350,0.053105,7.02x
polars_bio-8,0.051916,0.056124,0.053852,6.93x
