Library,Min (s),Max (s),Mean (s),Speedup
polars_bio,0.092507,0.099315,0.094972,6.92x
bioframe,0.652089,0.661213,0.656941,1.00x
polars_bio-2,0.089392,0.099746,0.094958,6.92x
polars_bio-4,0.077946,0.081508,0.079392,8.27x
polars_bio-6,0.073494,0.080497,0.076233,8.62x
polars_bio-8,0.079879,0.082590,0.080888,8.12x
