Library,Min (s),Max (s),Mean (s),Speedup
polars_bio,0.084467,0.098496,0.089656,5.18x
bioframe,0.458756,0.470416,0.464716,1.00x
polars_bio-2,0.086002,0.090414,0.088399,5.26x
polars_bio-4,0.072667,0.074923,0.074080,6.27x
polars_bio-6,0.072721,0.077624,0.075612,6.15x
polars_bio-8,0.071810,0.075518,0.073534,6.32x
