Library,Min (s),Max (s),Mean (s),Speedup
polars_bio,0.647103,0.653053,0.649550,75.26x
bioframe,48.274281,49.364491,48.887211,1.00x
pyranges0,4.818071,4.921056,4.862178,10.05x
pyranges1,5.065523,5.122070,5.102034,9.58x
