Library,Min (s),Max (s),Mean (s),Speedup
polars_bio,0.409347,0.473370,0.431078,7.39x
bioframe,3.134288,3.220348,3.184673,1.00x
pyranges0,5.590345,5.853159,5.699476,0.56x
pyranges1,6.177614,6.318087,6.268886,0.51x
