Library,Min (s),Max (s),Mean (s),Speedup
polars_bio,1.156578,1.277890,1.212970,25.76x
bioframe,30.945764,31.513268,31.240792,1.00x
pyranges0,2.769026,2.954805,2.842411,10.99x
pyranges1,3.178281,3.252540,3.227586,9.68x
