Library,Min (s),Max (s),Mean (s),Speedup
polars_bio,1.767233,2.180063,1.941156,8.14x
bioframe,15.607675,16.105240,15.806031,1.00x
pyranges0,9.028246,9.278568,9.116237,1.73x
pyranges1,16.141273,16.243732,16.183118,0.98x
