Library,Min (s),Max (s),Mean (s),Speedup
polars_bio,0.072104,0.073085,0.072492,5.53x
bioframe,0.397686,0.404783,0.401233,1.00x
pyranges0,0.110627,0.111505,0.111184,3.61x
pyranges1,0.178583,0.179644,0.179047,2.24x
