Library,Min (s),Max (s),Mean (s),Speedup
polars_bio,0.068486,0.071125,0.069720,8.07x
bioframe,0.545783,0.586489,0.562871,1.00x
pyranges0,0.178591,0.180005,0.179412,3.14x
pyranges1,0.311452,0.314308,0.312515,1.80x
