Library,Min (s),Max (s),Mean (s),Speedup
polars_bio,0.149971,0.151662,0.150985,4.95x
bioframe,0.745004,0.750637,0.746930,1.00x
pyranges0,0.277573,0.290573,0.283429,2.64x
pyranges1,0.431972,0.436277,0.433718,1.72x
