Library,Min (s),Max (s),Mean (s),Speedup
polars_bio,0.087366,0.088009,0.087738,2.64x
bioframe,0.230418,0.233231,0.231459,1.00x
pyranges0,0.051815,0.066201,0.056710,4.08x
pyranges1,0.122234,0.126465,0.124075,1.87x
