Library,Min (s),Max (s),Mean (s),Speedup
polars_bio,0.868312,0.932008,0.897455,79.04x
bioframe,70.895304,70.987676,70.934219,1.00x
pyranges0,15.022168,15.053584,15.033701,4.72x
pyranges1,15.364527,15.429814,15.386847,4.61x
pybedtools,21.602490,21.707206,21.651674,3.28x
