Library,Min (s),Max (s),Mean (s),Speedup
polars_bio,0.894491,0.992091,0.928374,73.44x
bioframe,68.134710,68.248018,68.176729,1.00x
pyranges0,14.000387,14.031491,14.017435,4.86x
pyranges1,14.347921,14.374372,14.362947,4.75x
pybedtools,22.498061,22.555980,22.525745,3.03x
genomicranges,599.088590,600.057943,599.693688,0.11x
