Library,Min (s),Max (s),Mean (s),Speedup
polars_bio,0.609361,0.631925,0.619775,5.56x
bioframe,3.434331,3.457579,3.446962,1.00x
pyranges0,15.692374,15.741281,15.714699,0.22x
pyranges1,15.576217,16.832754,16.134836,0.21x
pybedtools,44.253595,44.298738,44.271122,0.08x
