Library,Min (s),Max (s),Mean (s),Speedup
polars_bio,0.616830,0.652835,0.632323,5.01x
bioframe,3.160851,3.172302,3.165307,1.00x
pyranges0,14.336820,14.370083,14.354427,0.22x
pyranges1,15.626344,15.730648,15.673289,0.20x
pybedtools,45.224326,50.118518,46.934375,0.07x
genomicranges,614.536679,623.262875,619.269005,0.01x
