Library,Min (s),Max (s),Mean (s),Speedup
polars_bio,1.756373,1.778567,1.768523,22.56x
bioframe,39.852615,39.993454,39.903635,1.00x
pyranges0,3.748316,3.762895,3.757848,10.62x
pyranges1,4.132873,4.143734,4.139812,9.64x
pybedtools,14.008201,14.264574,14.094361,2.83x
