Library,Min (s),Max (s),Mean (s),Speedup
polars_bio,1.718840,1.819572,1.768159,21.07x
bioframe,37.234216,37.267567,37.252052,1.00x
pyranges0,3.793256,3.813382,3.801250,9.80x
pyranges1,3.989960,4.021302,4.000560,9.31x
pybedtools,14.254434,14.389208,14.313488,2.60x
