Library,Min (s),Max (s),Mean (s),Speedup
polars_bio,5.963408,9.301349,7.137417,6.59x
bioframe,46.917082,47.064881,47.008068,1.00x
pyranges0,38.998641,39.235061,39.094404,1.20x
pyranges1,58.893228,59.189104,59.018261,0.80x
pybedtools,1140.170191,1154.471479,1146.928179,0.04x
genomicranges,608.651610,609.655036,609.138146,0.08x
