Library,Min (s),Max (s),Mean (s),Speedup
polars_bio,6.429061,9.531259,7.480953,6.62x
bioframe,49.229800,49.794657,49.516737,1.00x
pyranges0,40.332748,40.573018,40.417290,1.23x
pyranges1,62.376796,62.497577,62.423127,0.79x
