Library,Min (s),Max (s),Mean (s),Speedup
polars_bio,5.309380,5.450332,5.381068,1.00x
polars_bio-2,2.893766,2.913780,2.906401,1.85x
polars_bio-4,1.748771,1.797485,1.768895,3.04x
polars_bio-6,1.352671,1.385655,1.369312,3.93x
polars_bio-8,1.178559,1.199971,1.192577,4.51x
