Library,Min (s),Max (s),Mean (s),Speedup
polars_bio,1.638818,1.678156,1.655573,1.00x
polars_bio-2,0.994195,0.996554,0.995701,1.66x
polars_bio-4,0.678722,0.701234,0.689151,2.40x
polars_bio-6,0.620289,0.662175,0.639026,2.59x
polars_bio-8,0.570659,0.582937,0.576880,2.87x
