Library,Min (s),Max (s),Mean (s),Speedup
polars_bio,7.299887,7.659385,7.495962,1.00x
polars_bio-2,4.019280,4.158504,4.069511,1.84x
polars_bio-4,2.683383,2.720981,2.704975,2.77x
polars_bio-6,2.141075,2.162109,2.150595,3.49x
polars_bio-8,1.859186,1.865634,1.862653,4.02x
