Library,Min (s),Max (s),Mean (s),Speedup
polars_bio,9.081732,9.388126,9.203018,1.00x
polars_bio-2,4.696455,4.912478,4.793254,1.92x
polars_bio-4,2.885023,2.902893,2.896218,3.18x
polars_bio-6,2.196605,2.217945,2.209839,4.16x
polars_bio-8,1.813586,1.860947,1.833498,5.02x
