Library,Min (s),Max (s),Mean (s),Speedup
polars_bio,0.111010,0.124575,0.116025,6.55x
bioframe,0.756557,0.763068,0.760502,1.00x
pyranges0,0.162938,0.166367,0.164570,4.62x
pyranges1,0.238944,0.241154,0.240256,3.17x
