Library,Min (s),Max (s),Mean (s),Speedup
polars_bio,0.103962,0.135903,0.115698,8.42x
bioframe,0.963281,0.996650,0.974443,1.00x
pyranges0,0.254242,0.258436,0.256951,3.79x
pyranges1,0.411970,0.429658,0.418869,2.33x
