Library,Min (s),Max (s),Mean (s),Speedup
polars_bio,0.196239,0.211969,0.201932,5.86x
bioframe,1.166021,1.193735,1.183463,1.00x
pyranges0,0.543203,0.574094,0.554538,2.13x
pyranges1,0.790917,0.801139,0.794653,1.49x
