Library,Min (s),Max (s),Mean (s),Speedup
polars_bio,0.136749,0.143898,0.139684,3.12x
bioframe,0.435798,0.436806,0.436145,1.00x
pyranges0,0.074904,0.096514,0.082177,5.31x
pyranges1,0.192622,0.195247,0.194275,2.24x
