Library,Min (s),Max (s),Mean (s),Speedup
polars_bio,0.958948,0.970066,0.963781,7.35x
bioframe,7.062089,7.104378,7.083760,1.00x
pyranges0,1.301183,1.308940,1.304005,5.43x
pyranges1,2.071838,2.086080,2.077687,3.41x
