Library,Min (s),Max (s),Mean (s),Speedup
polars_bio,0.982082,0.992246,0.988473,8.98x
bioframe,8.744784,8.941037,8.871702,1.00x
pyranges0,1.839942,1.866758,1.852153,4.79x
pyranges1,3.005117,3.029427,3.016435,2.94x
