Library,Min (s),Max (s),Mean (s),Speedup
polars_bio,1.965756,1.995619,1.978828,4.90x
bioframe,9.641979,9.761706,9.700273,1.00x
pyranges0,2.353440,2.443087,2.387661,4.06x
pyranges1,4.046412,4.065824,4.056268,2.39x
