Library,Min (s),Max (s),Mean (s),Speedup
polars_bio,1.193087,1.221236,1.206850,2.50x
bioframe,3.010455,3.026735,3.016511,1.00x
pyranges0,0.697202,0.774478,0.724130,4.17x
pyranges1,1.570193,1.583820,1.575979,1.91x
